timeStamp,elapsed,label,responseCode,responseMessage,threadName,dataType,success,bytes,sentBytes,grpThreads,allThreads,URL,Latency
1677195913866,807,/zodiac-woman,200,OK,Thread Group 1-1,text,true,63979,262,2,2,https://www.astrology.com/zodiac-woman,174
1677195914367,806,/zodiac-signs/virgo,200,OK,Thread Group 1-2,text,true,108825,274,3,3,https://www.astrology.com/zodiac-signs/virgo,157
1677195914673,829,/zodiac-signs/taurus,200,OK,Thread Group 1-1,text,true,105873,276,4,4,https://www.astrology.com/zodiac-signs/taurus,158
1677195914865,827,/zodiac-signs/scorpio,200,OK,Thread Group 1-3,text,true,110901,278,4,4,https://www.astrology.com/zodiac-signs/scorpio,161
1677195915174,872,/zodiac-signs/sagittarius,200,OK,Thread Group 1-2,text,true,104461,286,5,5,https://www.astrology.com/zodiac-signs/sagittarius,179
1677195915368,811,/zodiac-signs/pisces,200,OK,Thread Group 1-4,text,true,110066,276,5,5,https://www.astrology.com/zodiac-signs/pisces,163
1677195915502,821,/zodiac-signs/libra,200,OK,Thread Group 1-1,text,true,104272,274,5,5,https://www.astrology.com/zodiac-signs/libra,158
1677195915693,837,/zodiac-signs/leo,200,OK,Thread Group 1-3,text,true,99105,270,6,6,https://www.astrology.com/zodiac-signs/leo,166
1677195915867,808,/zodiac-signs/gemini,200,OK,Thread Group 1-5,text,true,103530,276,6,6,https://www.astrology.com/zodiac-signs/gemini,159
1677195916046,822,/zodiac-signs/capricorn,200,OK,Thread Group 1-2,text,true,109036,282,7,7,https://www.astrology.com/zodiac-signs/capricorn,163
1677195916179,811,/zodiac-signs/cancer,200,OK,Thread Group 1-4,text,true,111024,276,7,7,https://www.astrology.com/zodiac-signs/cancer,162
1677195916323,817,/zodiac-signs/aries,200,OK,Thread Group 1-1,text,true,97676,274,7,7,https://www.astrology.com/zodiac-signs/aries,162
1677195916366,834,/zodiac-signs/aquarius,200,OK,Thread Group 1-6,text,true,103841,280,7,7,https://www.astrology.com/zodiac-signs/aquarius,167
1677195916530,807,/zodiac-signs,200,OK,Thread Group 1-3,text,true,80779,262,7,7,https://www.astrology.com/zodiac-signs,168
1677195916675,742,/zodiac-man,200,OK,Thread Group 1-5,text,true,63940,258,8,8,https://www.astrology.com/zodiac-man,164
1677195916863,734,/us/tarot/tarot-yin-yang.aspx,200,OK,Thread Group 1-7,text,true,64373,294,8,8,https://www.astrology.com/us/tarot/tarot-yin-yang.aspx,162
1677195916868,958,/us/horoscope/yearly-overview-2023.aspx?sign=virgo,200,OK,Thread Group 1-2,text,true,69410,336,8,8,https://www.astrology.com/us/horoscope/yearly-overview-2023.aspx?sign=virgo,167
1677195916991,862,/us/horoscope/yearly-overview-2023.aspx?sign=taurus,200,OK,Thread Group 1-4,text,true,69614,338,8,8,https://www.astrology.com/us/horoscope/yearly-overview-2023.aspx?sign=taurus,157
1677195917140,801,/us/horoscope/yearly-overview-2023.aspx?sign=scorpio,200,OK,Thread Group 1-1,text,true,69502,340,9,9,https://www.astrology.com/us/horoscope/yearly-overview-2023.aspx?sign=scorpio,160
1677195917200,806,/us/horoscope/yearly-overview-2023.aspx?sign=sagittarius,200,OK,Thread Group 1-6,text,true,69940,348,9,9,https://www.astrology.com/us/horoscope/yearly-overview-2023.aspx?sign=sagittarius,167
1677195917337,799,/us/horoscope/yearly-overview-2023.aspx?sign=pisces,200,OK,Thread Group 1-3,text,true,69351,338,9,9,https://www.astrology.com/us/horoscope/yearly-overview-2023.aspx?sign=pisces,160
1677195917366,816,/us/horoscope/yearly-overview-2023.aspx?sign=libra,200,OK,Thread Group 1-8,text,true,69470,336,9,9,https://www.astrology.com/us/horoscope/yearly-overview-2023.aspx?sign=libra,160
1677195917417,810,/us/horoscope/yearly-overview-2023.aspx?sign=leo,200,OK,Thread Group 1-5,text,true,69288,332,9,9,https://www.astrology.com/us/horoscope/yearly-overview-2023.aspx?sign=leo,157
1677195917598,773,/us/horoscope/yearly-overview-2023.aspx?sign=gemini,200,OK,Thread Group 1-7,text,true,69374,338,10,10,https://www.astrology.com/us/horoscope/yearly-overview-2023.aspx?sign=gemini,156
1677195917826,804,/us/horoscope/yearly-overview-2023.aspx?sign=capricorn,200,OK,Thread Group 1-2,text,true,69405,344,10,10,https://www.astrology.com/us/horoscope/yearly-overview-2023.aspx?sign=capricorn,166
1677195917853,788,/us/horoscope/yearly-overview-2023.aspx?sign=cancer,200,OK,Thread Group 1-4,text,true,69428,338,10,10,https://www.astrology.com/us/horoscope/yearly-overview-2023.aspx?sign=cancer,159
1677195917941,810,/us/horoscope/yearly-overview-2023.aspx?sign=aquarius,200,OK,Thread Group 1-1,text,true,69566,342,10,10,https://www.astrology.com/us/horoscope/yearly-overview-2023.aspx?sign=aquarius,158
1677195918007,774,/us/horoscope/monthly-work.aspx?when=last-month&sign=taurus,200,OK,Thread Group 1-6,text,true,66381,354,10,10,https://www.astrology.com/us/horoscope/monthly-work.aspx?when=last-month&sign=taurus,167
1677195917864,997,/us/horoscope/yearly-overview-2023.aspx?sign=aries,200,OK,Thread Group 1-9,text,true,69334,336,10,10,https://www.astrology.com/us/horoscope/yearly-overview-2023.aspx?sign=aries,155
1677195918227,772,/us/horoscope/monthly-work.aspx?when=last-month&sign=aquarius,200,OK,Thread Group 1-5,text,true,66112,358,11,11,https://www.astrology.com/us/horoscope/monthly-work.aspx?when=last-month&sign=aquarius,161
1677195918137,1002,/us/horoscope/monthly-work.aspx?when=last-month&sign=sagittarius,200,OK,Thread Group 1-3,text,true,66409,364,11,11,https://www.astrology.com/us/horoscope/monthly-work.aspx?when=last-month&sign=sagittarius,163
1677195918182,1005,/us/horoscope/monthly-work.aspx?when=last-month&sign=libra,200,OK,Thread Group 1-8,text,true,66342,352,11,11,https://www.astrology.com/us/horoscope/monthly-work.aspx?when=last-month&sign=libra,166
1677195918371,869,/us/horoscope/monthly-overview.aspx?when=last-month&sign=scorpio,200,OK,Thread Group 1-7,text,true,72837,364,11,11,https://www.astrology.com/us/horoscope/monthly-overview.aspx?when=last-month&sign=scorpio,162
1677195918365,995,/us/horoscope/monthly-overview.aspx?when=last-month&sign=taurus,200,OK,Thread Group 1-10,text,true,72724,362,11,11,https://www.astrology.com/us/horoscope/monthly-overview.aspx?when=last-month&sign=taurus,155
1677195918641,828,/us/horoscope/monthly-overview.aspx?when=last-month&sign=libra,200,OK,Thread Group 1-4,text,true,72745,360,12,12,https://www.astrology.com/us/horoscope/monthly-overview.aspx?when=last-month&sign=libra,163
1677195918866,742,/us/horoscope/monthly-love.aspx?when=last-month&sign=taurus,200,OK,Thread Group 1-11,text,true,66719,354,12,12,https://www.astrology.com/us/horoscope/monthly-love.aspx?when=last-month&sign=taurus,156
1677195918752,882,/us/horoscope/monthly-overview.aspx?when=last-month&sign=leo,200,OK,Thread Group 1-1,text,true,72669,356,12,12,https://www.astrology.com/us/horoscope/monthly-overview.aspx?when=last-month&sign=leo,156
1677195918630,1144,/us/horoscope/monthly-overview.aspx?when=last-month&sign=pisces,200,OK,Thread Group 1-2,text,true,72681,362,12,12,https://www.astrology.com/us/horoscope/monthly-overview.aspx?when=last-month&sign=pisces,168
1677195919187,766,/us/horoscope/monthly-love.aspx?when=last-month&sign=libra,200,OK,Thread Group 1-8,text,true,66021,352,13,13,https://www.astrology.com/us/horoscope/monthly-love.aspx?when=last-month&sign=libra,165
1677195918862,1105,/us/horoscope/monthly-overview.aspx?when=last-month&sign=aquarius,200,OK,Thread Group 1-9,text,true,72821,366,13,13,https://www.astrology.com/us/horoscope/monthly-overview.aspx?when=last-month&sign=aquarius,160
1677195918999,982,/us/horoscope/monthly-love.aspx?when=last-month&sign=scorpio,200,OK,Thread Group 1-5,text,true,66171,356,13,13,https://www.astrology.com/us/horoscope/monthly-love.aspx?when=last-month&sign=scorpio,160
1677195918781,1278,/us/horoscope/monthly-overview.aspx?when=last-month&sign=capricorn,200,OK,Thread Group 1-6,text,true,72819,368,13,13,https://www.astrology.com/us/horoscope/monthly-overview.aspx?when=last-month&sign=capricorn,159
1677195919360,746,/us/horoscope/monthly-love.aspx?when=last-month&sign=capricorn,200,OK,Thread Group 1-10,text,true,65966,360,13,13,https://www.astrology.com/us/horoscope/monthly-love.aspx?when=last-month&sign=capricorn,155
1677195919366,759,/us/horoscope/monthly-love.aspx?when=last-month&sign=aquarius,200,OK,Thread Group 1-12,text,true,66169,358,13,13,https://www.astrology.com/us/horoscope/monthly-love.aspx?when=last-month&sign=aquarius,163
1677195919139,1021,/us/horoscope/monthly-love.aspx?when=last-month&sign=sagittarius,200,OK,Thread Group 1-3,text,true,66816,364,13,13,https://www.astrology.com/us/horoscope/monthly-love.aspx?when=last-month&sign=sagittarius,163
1677195919469,744,/us/horoscope/monthly-dating.aspx?when=last-month&sign=taurus,200,OK,Thread Group 1-4,text,true,66197,358,13,13,https://www.astrology.com/us/horoscope/monthly-dating.aspx?when=last-month&sign=taurus,156
1677195919241,987,/us/horoscope/monthly-love.aspx?when=last-month&sign=leo,200,OK,Thread Group 1-7,text,true,66120,348,13,13,https://www.astrology.com/us/horoscope/monthly-love.aspx?when=last-month&sign=leo,167
1677195919774,763,/us/horoscope/monthly-dating.aspx?when=last-month&sign=leo,200,OK,Thread Group 1-2,text,true,66081,352,14,14,https://www.astrology.com/us/horoscope/monthly-dating.aspx?when=last-month&sign=leo,163
1677195919608,970,/us/horoscope/monthly-dating.aspx?when=last-month&sign=sagittarius,200,OK,Thread Group 1-11,text,true,66365,368,14,14,https://www.astrology.com/us/horoscope/monthly-dating.aspx?when=last-month&sign=sagittarius,160
1677195919982,731,/us/horoscope/index-yearly-2023.aspx,200,OK,Thread Group 1-5,text,true,64923,308,14,14,https://www.astrology.com/us/horoscope/index-yearly-2023.aspx,157
1677195919634,1082,/us/horoscope/monthly-dating.aspx?when=last-month&sign=libra,200,OK,Thread Group 1-1,text,true,66073,356,14,14,https://www.astrology.com/us/horoscope/monthly-dating.aspx?when=last-month&sign=libra,159
1677195919967,753,/us/horoscope/monthly-dating.aspx?when=last-month&sign=cancer,200,OK,Thread Group 1-9,text,true,66146,358,14,14,https://www.astrology.com/us/horoscope/monthly-dating.aspx?when=last-month&sign=cancer,160
1677195919954,769,/us/horoscope/monthly-dating.aspx?when=last-month&sign=capricorn,200,OK,Thread Group 1-8,text,true,66170,364,14,14,https://www.astrology.com/us/horoscope/monthly-dating.aspx?when=last-month&sign=capricorn,162
1677195920059,801,/us/horoscope/index-weekly.aspx,200,OK,Thread Group 1-6,text,true,69295,298,14,14,https://www.astrology.com/us/horoscope/index-weekly.aspx,160
1677195919863,1048,/us/horoscope/monthly-dating.aspx?when=last-month&sign=gemini,200,OK,Thread Group 1-13,text,true,66223,358,15,15,https://www.astrology.com/us/horoscope/monthly-dating.aspx?when=last-month&sign=gemini,160
1677195920106,806,/us/horoscope/index-weekly-work.aspx,200,OK,Thread Group 1-10,text,true,73932,308,15,15,https://www.astrology.com/us/horoscope/index-weekly-work.aspx,176
1677195920125,802,/us/horoscope/index-weekly-love.aspx,200,OK,Thread Group 1-12,text,true,72831,308,15,15,https://www.astrology.com/us/horoscope/index-weekly-love.aspx,167
1677195920160,804,/us/horoscope/index-weekly-dating.aspx,200,OK,Thread Group 1-3,text,true,72661,312,15,15,https://www.astrology.com/us/horoscope/index-weekly-dating.aspx,161
1677195920229,792,/us/horoscope/index-monthly.aspx,200,OK,Thread Group 1-7,text,true,71370,300,15,15,https://www.astrology.com/us/horoscope/index-monthly.aspx,158
1677195920214,816,/us/horoscope/index-weekly-chinese.aspx,200,OK,Thread Group 1-4,text,true,73976,314,15,15,https://www.astrology.com/us/horoscope/index-weekly-chinese.aspx,159
1677195920365,793,/us/horoscope/index-monthly-work.aspx,200,OK,Thread Group 1-14,text,true,74145,310,15,15,https://www.astrology.com/us/horoscope/index-monthly-work.aspx,160
1677195920537,808,/us/horoscope/index-monthly-love.aspx,200,OK,Thread Group 1-2,text,true,73102,310,15,15,https://www.astrology.com/us/horoscope/index-monthly-love.aspx,162
1677195920579,786,/us/horoscope/index-monthly-dating.aspx,200,OK,Thread Group 1-11,text,true,72810,314,16,16,https://www.astrology.com/us/horoscope/index-monthly-dating.aspx,154
1677195920721,786,/us/horoscope/index-daily-love.aspx,200,OK,Thread Group 1-9,text,true,74600,306,16,16,https://www.astrology.com/us/horoscope/index-daily-love.aspx,158
1677195920717,796,/us/horoscope/index-daily-work.aspx,200,OK,Thread Group 1-1,text,true,75791,306,16,16,https://www.astrology.com/us/horoscope/index-daily-work.aspx,176
1677195920714,804,/us/horoscope/index-monthly-chinese.aspx,200,OK,Thread Group 1-5,text,true,74436,316,16,16,https://www.astrology.com/us/horoscope/index-monthly-chinese.aspx,167
1677195920723,846,/us/horoscope/index-daily-dating.aspx,200,OK,Thread Group 1-8,text,true,75096,310,16,16,https://www.astrology.com/us/horoscope/index-daily-dating.aspx,162
1677195920912,744,/us/do-not-sell-my-info.aspx,200,OK,Thread Group 1-10,text,true,53077,292,16,16,https://www.astrology.com/us/do-not-sell-my-info.aspx,164
1677195920860,801,/us/horoscope/index-chinese.aspx,200,OK,Thread Group 1-6,text,true,76047,300,16,16,https://www.astrology.com/us/horoscope/index-chinese.aspx,163
1677195920867,797,/us/home.aspx,200,OK,Thread Group 1-15,text,true,71197,262,16,16,https://www.astrology.com/us/home.aspx,157
1677195920912,783,/us/feedback.aspx,200,OK,Thread Group 1-13,text,true,51180,270,16,16,https://www.astrology.com/us/feedback.aspx,198
1677195920964,769,/us/advertising-inquiry.aspx,200,OK,Thread Group 1-3,text,true,56529,292,16,16,https://www.astrology.com/us/advertising-inquiry.aspx,161
1677195920928,816,/us/astrology-calendar-2022.aspx,200,OK,Thread Group 1-12,text,true,73785,300,16,16,https://www.astrology.com/us/astrology-calendar-2022.aspx,169
1677195921021,730,/us/aboutus.aspx,200,OK,Thread Group 1-7,text,true,48709,268,16,16,https://www.astrology.com/us/aboutus.aspx,159
1677195921159,769,/tarot/yes-no.html,200,OK,Thread Group 1-14,text,true,63967,272,17,17,https://www.astrology.com/tarot/yes-no.html,158
1677195921031,915,/tos.html,200,OK,Thread Group 1-4,text,true,103016,254,17,17,https://www.astrology.com/tos.html,165
1677195921362,823,/tarot/how-to-tarot,200,OK,Thread Group 1-16,text,true,75541,274,17,17,https://www.astrology.com/tarot/how-to-tarot,167
1677195921346,857,/tarot/love-potential.html,200,OK,Thread Group 1-2,text,true,64717,288,17,17,https://www.astrology.com/tarot/love-potential.html,170
1677195921365,848,/tarot/daily.html,200,OK,Thread Group 1-11,text,true,68151,270,17,17,https://www.astrology.com/tarot/daily.html,158
1677195921508,744,/tarot/daily-love.html,200,OK,Thread Group 1-9,text,true,64588,280,17,17,https://www.astrology.com/tarot/daily-love.html,168
1677195921513,749,/tarot/daily-flirt.html,200,OK,Thread Group 1-1,text,true,64672,282,17,17,https://www.astrology.com/tarot/daily-flirt.html,162
1677195921518,793,/tarot/daily-career.html,200,OK,Thread Group 1-5,text,true,64095,284,17,17,https://www.astrology.com/tarot/daily-career.html,160
1677195921570,808,/tarot/card-meanings,200,OK,Thread Group 1-8,text,true,77150,276,18,18,https://www.astrology.com/tarot/card-meanings,159
1677195921657,728,/tarot/breakup.html,200,OK,Thread Group 1-10,text,true,64932,274,18,18,https://www.astrology.com/tarot/breakup.html,156
1677195921661,734,/tarot.html,200,OK,Thread Group 1-6,text,true,66175,258,18,18,https://www.astrology.com/tarot.html,155
1677195921665,773,/syndicate,200,OK,Thread Group 1-15,text,true,62434,256,18,18,https://www.astrology.com/syndicate,159
1677195921696,795,/retrograde,200,OK,Thread Group 1-13,text,true,81695,258,18,18,https://www.astrology.com/retrograde,164
1677195921865,829,/privacy.html,200,OK,Thread Group 1-17,text,true,87169,262,18,18,https://www.astrology.com/privacy.html,156
1677195921928,849,/planets,200,OK,Thread Group 1-14,text,true,70186,252,18,18,https://www.astrology.com/planets,177
1677195921946,855,/on-the-cusp,200,OK,Thread Group 1-4,text,true,109307,260,18,18,https://www.astrology.com/on-the-cusp,162
1677195922312,536,/img/logo-white.svg,200,OK,Thread Group 1-5,text,true,4463,274,18,18,https://www.astrology.com/img/logo-white.svg,171
1677195922262,611,/js/jquery.lazyload.extended.js?v=1600123116,200,OK,Thread Group 1-1,text,true,8272,324,19,19,https://www.astrology.com/js/jquery.lazyload.extended.js?v=1600123116,158
1677195921744,1143,/psychic-readings/tarot.html,200,OK,Thread Group 1-12,text,true,66598,292,19,19,https://www.astrology.com/psychic-readings/tarot.html,166
1677195921752,1146,/psychic-readings,200,OK,Thread Group 1-7,text,true,68265,270,19,19,https://www.astrology.com/psychic-readings,163
1677195922205,759,/newsletters.html?utm_source=site&utm_medium=email-widget,200,OK,Thread Group 1-2,text,true,55877,350,19,19,https://www.astrology.com/newsletters.html?utm_source=site&utm_medium=email-widget,163
1677195922185,825,/numerology,200,OK,Thread Group 1-16,text,true,71520,258,19,19,https://www.astrology.com/numerology,165
1677195921734,1281,/psychic-readings?utm_medium=site&utm_campaign=navigation,200,OK,Thread Group 1-3,text,true,68305,350,19,19,https://www.astrology.com/psychic-readings?utm_medium=site&utm_campaign=navigation,162
1677195922252,804,/learn,200,OK,Thread Group 1-9,text,true,70405,248,19,19,https://www.astrology.com/learn,158
1677195922379,749,/horoscope/weekly-work/virgo.html,200,OK,Thread Group 1-8,text,true,66809,302,19,19,https://www.astrology.com/horoscope/weekly-work/virgo.html,162
1677195922395,769,/horoscope/weekly-work/scorpio.html,200,OK,Thread Group 1-6,text,true,66729,306,19,19,https://www.astrology.com/horoscope/weekly-work/scorpio.html,157
1677195922363,810,/houses,200,OK,Thread Group 1-18,text,true,71230,250,19,19,https://www.astrology.com/houses,174
1677195922213,980,/modalities,200,OK,Thread Group 1-11,text,true,67436,258,19,19,https://www.astrology.com/modalities,155
1677195922491,758,/horoscope/weekly-work/pisces.html,200,OK,Thread Group 1-13,text,true,66759,304,19,19,https://www.astrology.com/horoscope/weekly-work/pisces.html,162
1677195922385,1021,/horoscope/weekly-work/taurus.html,200,OK,Thread Group 1-10,text,true,66838,304,20,20,https://www.astrology.com/horoscope/weekly-work/taurus.html,157
1677195922438,976,/horoscope/weekly-work/sagittarius.html,200,OK,Thread Group 1-15,text,true,66920,314,20,20,https://www.astrology.com/horoscope/weekly-work/sagittarius.html,164
1677195922694,759,/horoscope/weekly-work/next-week/virgo.html,200,OK,Thread Group 1-17,text,true,66763,322,20,20,https://www.astrology.com/horoscope/weekly-work/next-week/virgo.html,166
1677195922777,781,/horoscope/weekly-work/next-week/taurus.html,200,OK,Thread Group 1-14,text,true,66894,324,20,20,https://www.astrology.com/horoscope/weekly-work/next-week/taurus.html,165
1677195922802,781,/horoscope/weekly-work/next-week/scorpio.html,200,OK,Thread Group 1-4,text,true,66878,326,20,20,https://www.astrology.com/horoscope/weekly-work/next-week/scorpio.html,168
1677195922867,752,/horoscope/weekly-work/next-week/libra.html,200,OK,Thread Group 1-19,text,true,66883,322,20,20,https://www.astrology.com/horoscope/weekly-work/next-week/libra.html,167
1677195922849,833,/horoscope/weekly-work/next-week/sagittarius.html,200,OK,Thread Group 1-5,text,true,67001,334,20,20,https://www.astrology.com/horoscope/weekly-work/next-week/sagittarius.html,167
1677195922873,850,/horoscope/weekly-work/next-week/leo.html,200,OK,Thread Group 1-1,text,true,66710,318,20,20,https://www.astrology.com/horoscope/weekly-work/next-week/leo.html,159
1677195923011,763,/horoscope/weekly-work/next-week/aquarius.html,200,OK,Thread Group 1-16,text,true,66804,328,20,20,https://www.astrology.com/horoscope/weekly-work/next-week/aquarius.html,166
1677195922888,991,/horoscope/weekly-work/next-week/gemini.html,200,OK,Thread Group 1-12,text,true,66837,324,20,20,https://www.astrology.com/horoscope/weekly-work/next-week/gemini.html,157
1677195923128,757,/horoscope/weekly-work/last-week/virgo.html,200,OK,Thread Group 1-8,text,true,66775,322,20,20,https://www.astrology.com/horoscope/weekly-work/last-week/virgo.html,159
1677195922898,990,/horoscope/weekly-work/next-week/cancer.html,200,OK,Thread Group 1-7,text,true,66850,324,20,20,https://www.astrology.com/horoscope/weekly-work/next-week/cancer.html,160
1677195923174,767,/horoscope/weekly-work/last-week/scorpio.html,200,OK,Thread Group 1-18,text,true,66866,326,20,20,https://www.astrology.com/horoscope/weekly-work/last-week/scorpio.html,169
1677195923165,780,/horoscope/weekly-work/last-week/taurus.html,200,OK,Thread Group 1-6,text,true,66886,324,20,20,https://www.astrology.com/horoscope/weekly-work/last-week/taurus.html,162
1677195922964,987,/horoscope/weekly-work/next-week/aries.html,200,OK,Thread Group 1-2,text,true,66835,322,20,20,https://www.astrology.com/horoscope/weekly-work/next-week/aries.html,161
1677195923015,1090,/horoscope/weekly-work/libra.html,200,OK,Thread Group 1-3,text,true,66572,302,20,20,https://www.astrology.com/horoscope/weekly-work/libra.html,161
1677195923382,776,/horoscope/weekly-work/last-week/leo.html,200,OK,Thread Group 1-20,text,true,66744,318,20,20,https://www.astrology.com/horoscope/weekly-work/last-week/leo.html,161
1677195923406,753,/horoscope/weekly-work/last-week/gemini.html,200,OK,Thread Group 1-10,text,true,66894,324,20,20,https://www.astrology.com/horoscope/weekly-work/last-week/gemini.html,161
1677195923193,994,/horoscope/weekly-work/last-week/sagittarius.html,200,OK,Thread Group 1-11,text,true,66992,334,20,20,https://www.astrology.com/horoscope/weekly-work/last-week/sagittarius.html,166
1677195923056,1137,/horoscope/weekly-work/leo.html,200,OK,Thread Group 1-9,text,true,66705,298,20,20,https://www.astrology.com/horoscope/weekly-work/leo.html,161
1677195923249,970,/horoscope/weekly-work/last-week/libra.html,200,OK,Thread Group 1-13,text,true,66772,322,20,20,https://www.astrology.com/horoscope/weekly-work/last-week/libra.html,157
1677195923414,805,/horoscope/weekly-work/last-week/cancer.html,200,OK,Thread Group 1-15,text,true,66846,324,20,20,https://www.astrology.com/horoscope/weekly-work/last-week/cancer.html,159
1677195923558,767,/horoscope/weekly-work/last-week/aquarius.html,200,OK,Thread Group 1-14,text,true,66784,328,20,20,https://www.astrology.com/horoscope/weekly-work/last-week/aquarius.html,167
1677195923682,795,/horoscope/weekly-work/cancer.html,200,OK,Thread Group 1-5,text,true,66755,304,20,20,https://www.astrology.com/horoscope/weekly-work/cancer.html,159
1677195923583,1001,/horoscope/weekly-work/gemini.html,200,OK,Thread Group 1-4,text,true,66782,304,20,20,https://www.astrology.com/horoscope/weekly-work/gemini.html,155
1677195923453,1204,/horoscope/weekly-work/last-week/aries.html,200,OK,Thread Group 1-17,text,true,66900,322,20,20,https://www.astrology.com/horoscope/weekly-work/last-week/aries.html,160
1677195923619,1086,/horoscope/weekly-work/capricorn.html,200,OK,Thread Group 1-19,text,true,66855,310,20,20,https://www.astrology.com/horoscope/weekly-work/capricorn.html,162
1677195923723,988,/horoscope/weekly-work/aries.html,200,OK,Thread Group 1-1,text,true,66817,302,20,20,https://www.astrology.com/horoscope/weekly-work/aries.html,162
1677195923946,824,/horoscope/weekly-overview/pisces.html,200,OK,Thread Group 1-6,text,true,72289,312,20,20,https://www.astrology.com/horoscope/weekly-overview/pisces.html,171
1677195923775,1048,/horoscope/weekly-work/aquarius.html,200,OK,Thread Group 1-16,text,true,66797,308,20,20,https://www.astrology.com/horoscope/weekly-work/aquarius.html,164
1677195923880,1038,/horoscope/weekly-overview/virgo.html,200,OK,Thread Group 1-12,text,true,72519,310,20,20,https://www.astrology.com/horoscope/weekly-overview/virgo.html,167
1677195923889,1036,/horoscope/weekly-overview/scorpio.html,200,OK,Thread Group 1-7,text,true,72645,314,20,20,https://www.astrology.com/horoscope/weekly-overview/scorpio.html,166
1677195923952,1006,/horoscope/weekly-overview/next-week/taurus.html,200,OK,Thread Group 1-2,text,true,72438,332,20,20,https://www.astrology.com/horoscope/weekly-overview/next-week/taurus.html,159
1677195924159,800,/horoscope/weekly-overview/next-week/leo.html,200,OK,Thread Group 1-20,text,true,72485,326,20,20,https://www.astrology.com/horoscope/weekly-overview/next-week/leo.html,163
1677195924194,825,/horoscope/weekly-overview/next-week/aries.html,200,OK,Thread Group 1-9,text,true,72191,330,20,20,https://www.astrology.com/horoscope/weekly-overview/next-week/aries.html,165
1677195923886,1145,/horoscope/weekly-overview/taurus.html,200,OK,Thread Group 1-8,text,true,72595,312,20,20,https://www.astrology.com/horoscope/weekly-overview/taurus.html,164
1677195924220,870,/horoscope/weekly-overview/next-week/aquarius.html,200,OK,Thread Group 1-13,text,true,72499,336,20,20,https://www.astrology.com/horoscope/weekly-overview/next-week/aquarius.html,175
1677195924326,872,/horoscope/weekly-overview/leo.html,200,OK,Thread Group 1-14,text,true,72489,306,20,20,https://www.astrology.com/horoscope/weekly-overview/leo.html,165
1677195924160,1051,/horoscope/weekly-overview/next-week/gemini.html,200,OK,Thread Group 1-10,text,true,72436,332,20,20,https://www.astrology.com/horoscope/weekly-overview/next-week/gemini.html,162
1677195923943,1300,/horoscope/weekly-overview/sagittarius.html,200,OK,Thread Group 1-18,text,true,72808,322,20,20,https://www.astrology.com/horoscope/weekly-overview/sagittarius.html,164
1677195924477,875,/horoscope/weekly-overview/last-week/taurus.html,200,OK,Thread Group 1-5,text,true,72220,332,20,20,https://www.astrology.com/horoscope/weekly-overview/last-week/taurus.html,164
1677195924659,806,/horoscope/weekly-overview/last-week/leo.html,200,OK,Thread Group 1-17,text,true,72194,326,20,20,https://www.astrology.com/horoscope/weekly-overview/last-week/leo.html,161
1677195924188,1302,/horoscope/weekly-overview/next-week/capricorn.html,200,OK,Thread Group 1-11,text,true,72514,338,20,20,https://www.astrology.com/horoscope/weekly-overview/next-week/capricorn.html,167
1677195924106,1384,/horoscope/weekly-overview/next-week/libra.html,200,OK,Thread Group 1-3,text,true,72396,330,20,20,https://www.astrology.com/horoscope/weekly-overview/next-week/libra.html,170
1677195924220,1320,/horoscope/weekly-overview/libra.html,200,OK,Thread Group 1-15,text,true,72529,310,20,20,https://www.astrology.com/horoscope/weekly-overview/libra.html,190
1677195924918,799,/horoscope/weekly-overview/gemini.html,200,OK,Thread Group 1-12,text,true,72457,312,20,20,https://www.astrology.com/horoscope/weekly-overview/gemini.html,166
1677195924925,833,/horoscope/weekly-overview/capricorn.html,200,OK,Thread Group 1-7,text,true,72676,318,20,20,https://www.astrology.com/horoscope/weekly-overview/capricorn.html,163
1677195924705,1083,/horoscope/weekly-overview/last-week/gemini.html,200,OK,Thread Group 1-19,text,true,72405,332,20,20,https://www.astrology.com/horoscope/weekly-overview/last-week/gemini.html,166
1677195924960,842,/horoscope/weekly-overview/aries.html,200,OK,Thread Group 1-20,text,true,72451,310,20,20,https://www.astrology.com/horoscope/weekly-overview/aries.html,154
1677195925019,793,/horoscope/weekly-overview/aquarius.html,200,OK,Thread Group 1-9,text,true,72679,316,20,20,https://www.astrology.com/horoscope/weekly-overview/aquarius.html,160
1677195924585,1244,/horoscope/weekly-overview/last-week/libra.html,200,OK,Thread Group 1-4,text,true,72360,330,20,20,https://www.astrology.com/horoscope/weekly-overview/last-week/libra.html,156
1677195925031,856,/horoscope/weekly-overview.html,200,OK,Thread Group 1-8,text,true,69298,298,20,20,https://www.astrology.com/horoscope/weekly-overview.html,163
1677195924711,1177,/horoscope/weekly-overview/last-week/capricorn.html,200,OK,Thread Group 1-1,text,true,72519,338,20,20,https://www.astrology.com/horoscope/weekly-overview/last-week/capricorn.html,160
1677195925091,811,/horoscope/weekly-love/virgo.html,200,OK,Thread Group 1-13,text,true,66630,302,20,20,https://www.astrology.com/horoscope/weekly-love/virgo.html,161
1677195924959,974,/horoscope/weekly-overview/cancer.html,200,OK,Thread Group 1-2,text,true,72564,312,20,20,https://www.astrology.com/horoscope/weekly-overview/cancer.html,160
1677195925211,751,/horoscope/weekly-love/scorpio.html,200,OK,Thread Group 1-10,text,true,66727,306,20,20,https://www.astrology.com/horoscope/weekly-love/scorpio.html,167
1677195925244,751,/horoscope/weekly-love/sagittarius.html,200,OK,Thread Group 1-18,text,true,66842,314,20,20,https://www.astrology.com/horoscope/weekly-love/sagittarius.html,166
1677195924823,1180,/horoscope/weekly-overview/last-week/aquarius.html,200,OK,Thread Group 1-16,text,true,72444,336,20,20,https://www.astrology.com/horoscope/weekly-overview/last-week/aquarius.html,163
1677195925198,810,/horoscope/weekly-love/taurus.html,200,OK,Thread Group 1-14,text,true,66657,304,20,20,https://www.astrology.com/horoscope/weekly-love/taurus.html,158
1677195924770,1252,/horoscope/weekly-overview/last-week/aries.html,200,OK,Thread Group 1-6,text,true,72450,330,20,20,https://www.astrology.com/horoscope/weekly-overview/last-week/aries.html,160
1677195925353,757,/horoscope/weekly-love/pisces.html,200,OK,Thread Group 1-5,text,true,66218,304,20,20,https://www.astrology.com/horoscope/weekly-love/pisces.html,167
1677195925540,755,/horoscope/weekly-love/next-week/gemini.html,200,OK,Thread Group 1-15,text,true,66186,324,20,20,https://www.astrology.com/horoscope/weekly-love/next-week/gemini.html,163
1677195925490,818,/horoscope/weekly-love/next-week/taurus.html,200,OK,Thread Group 1-11,text,true,66508,324,20,20,https://www.astrology.com/horoscope/weekly-love/next-week/taurus.html,158
1677195925465,849,/horoscope/weekly-love/next-week/virgo.html,200,OK,Thread Group 1-17,text,true,65871,322,20,20,https://www.astrology.com/horoscope/weekly-love/next-week/virgo.html,158
1677195925490,1004,/horoscope/weekly-love/next-week/scorpio.html,200,OK,Thread Group 1-3,text,true,66082,326,20,20,https://www.astrology.com/horoscope/weekly-love/next-week/scorpio.html,187
1677195925758,753,/horoscope/weekly-love/next-week/cancer.html,200,OK,Thread Group 1-7,text,true,66257,324,20,20,https://www.astrology.com/horoscope/weekly-love/next-week/cancer.html,167
1677195925802,751,/horoscope/weekly-love/next-week/aquarius.html,200,OK,Thread Group 1-20,text,true,66580,328,20,20,https://www.astrology.com/horoscope/weekly-love/next-week/aquarius.html,160
1677195925829,751,/horoscope/weekly-love/leo.html,200,OK,Thread Group 1-4,text,true,65895,298,20,20,https://www.astrology.com/horoscope/weekly-love/leo.html,157
1677195925788,834,/horoscope/weekly-love/next-week/aries.html,200,OK,Thread Group 1-19,text,true,66041,322,20,20,https://www.astrology.com/horoscope/weekly-love/next-week/aries.html,167
1677195925902,757,/horoscope/weekly-love/last-week/scorpio.html,200,OK,Thread Group 1-13,text,true,66333,326,20,20,https://www.astrology.com/horoscope/weekly-love/last-week/scorpio.html,166
1677195925717,1000,/horoscope/weekly-love/next-week/capricorn.html,200,OK,Thread Group 1-12,text,true,66332,330,20,20,https://www.astrology.com/horoscope/weekly-love/next-week/capricorn.html,168
1677195925962,785,/horoscope/weekly-love/last-week/capricorn.html,200,OK,Thread Group 1-10,text,true,66188,330,20,20,https://www.astrology.com/horoscope/weekly-love/last-week/capricorn.html,159
1677195925995,759,/horoscope/weekly-love/last-week/cancer.html,200,OK,Thread Group 1-18,text,true,66197,324,20,20,https://www.astrology.com/horoscope/weekly-love/last-week/cancer.html,166
1677195925812,1016,/horoscope/weekly-love/libra.html,200,OK,Thread Group 1-9,text,true,66151,302,20,20,https://www.astrology.com/horoscope/weekly-love/libra.html,158
1677195926110,764,/horoscope/weekly-love/capricorn.html,200,OK,Thread Group 1-5,text,true,66012,310,20,20,https://www.astrology.com/horoscope/weekly-love/capricorn.html,155
1677195925887,990,/horoscope/weekly-love/last-week/virgo.html,200,OK,Thread Group 1-8,text,true,66517,322,20,20,https://www.astrology.com/horoscope/weekly-love/last-week/virgo.html,162
1677195925888,1043,/horoscope/weekly-love/last-week/taurus.html,200,OK,Thread Group 1-1,text,true,66483,324,20,20,https://www.astrology.com/horoscope/weekly-love/last-week/taurus.html,165
1677195926009,976,/horoscope/weekly-love/last-week/aquarius.html,200,OK,Thread Group 1-14,text,true,66015,328,20,20,https://www.astrology.com/horoscope/weekly-love/last-week/aquarius.html,159
1677195925934,1139,/horoscope/weekly-love/last-week/gemini.html,200,OK,Thread Group 1-2,text,true,66633,324,20,20,https://www.astrology.com/horoscope/weekly-love/last-week/gemini.html,167
1677195926308,780,/horoscope/weekly-love/aries.html,200,OK,Thread Group 1-11,text,true,66290,302,20,20,https://www.astrology.com/horoscope/weekly-love/aries.html,158
1677195926004,1089,/horoscope/weekly-love/last-week/aries.html,200,OK,Thread Group 1-16,text,true,66540,322,20,20,https://www.astrology.com/horoscope/weekly-love/last-week/aries.html,159
1677195926295,811,/horoscope/weekly-love/cancer.html,200,OK,Thread Group 1-15,text,true,66266,304,20,20,https://www.astrology.com/horoscope/weekly-love/cancer.html,166
1677195926022,1091,/horoscope/weekly-love/gemini.html,200,OK,Thread Group 1-6,text,true,66133,304,20,20,https://www.astrology.com/horoscope/weekly-love/gemini.html,166
1677195926494,741,/horoscope/weekly-dating/virgo.html,200,OK,Thread Group 1-3,text,true,65515,306,20,20,https://www.astrology.com/horoscope/weekly-dating/virgo.html,159
1677195926512,725,/horoscope/weekly-dating/taurus.html,200,OK,Thread Group 1-7,text,true,65590,308,20,20,https://www.astrology.com/horoscope/weekly-dating/taurus.html,155
1677195926553,731,/horoscope/weekly-dating/scorpio.html,200,OK,Thread Group 1-20,text,true,65636,310,20,20,https://www.astrology.com/horoscope/weekly-dating/scorpio.html,163
1677195926315,976,/horoscope/weekly-love/aquarius.html,200,OK,Thread Group 1-17,text,true,66574,308,20,20,https://www.astrology.com/horoscope/weekly-love/aquarius.html,156
1677195926580,750,/horoscope/weekly-dating/sagittarius.html,200,OK,Thread Group 1-4,text,true,65788,318,20,20,https://www.astrology.com/horoscope/weekly-dating/sagittarius.html,167
1677195926623,764,/horoscope/weekly-dating/pisces.html,200,OK,Thread Group 1-19,text,true,65424,308,20,20,https://www.astrology.com/horoscope/weekly-dating/pisces.html,165
1677195926660,754,/horoscope/weekly-dating/next-week/taurus.html,200,OK,Thread Group 1-13,text,true,65612,328,20,20,https://www.astrology.com/horoscope/weekly-dating/next-week/taurus.html,156
1677195926717,754,/horoscope/weekly-dating/next-week/pisces.html,200,OK,Thread Group 1-12,text,true,65613,328,20,20,https://www.astrology.com/horoscope/weekly-dating/next-week/pisces.html,168
1677195926747,737,/horoscope/weekly-dating/next-week/libra.html,200,OK,Thread Group 1-10,text,true,65532,326,20,20,https://www.astrology.com/horoscope/weekly-dating/next-week/libra.html,158
1677195926755,750,/horoscope/weekly-dating/next-week/leo.html,200,OK,Thread Group 1-18,text,true,65492,322,20,20,https://www.astrology.com/horoscope/weekly-dating/next-week/leo.html,169
1677195926828,746,/horoscope/weekly-dating/next-week/gemini.html,200,OK,Thread Group 1-9,text,true,65590,328,20,20,https://www.astrology.com/horoscope/weekly-dating/next-week/gemini.html,165
1677195926875,745,/horoscope/weekly-dating/next-week/capricorn.html,200,OK,Thread Group 1-5,text,true,65555,334,20,20,https://www.astrology.com/horoscope/weekly-dating/next-week/capricorn.html,155
1677195926878,755,/horoscope/weekly-dating/next-week/cancer.html,200,OK,Thread Group 1-8,text,true,65590,328,20,20,https://www.astrology.com/horoscope/weekly-dating/next-week/cancer.html,159
1677195926932,751,/horoscope/weekly-dating/next-week/aries.html,200,OK,Thread Group 1-1,text,true,65550,326,20,20,https://www.astrology.com/horoscope/weekly-dating/next-week/aries.html,164
1677195926985,743,/horoscope/weekly-dating/next-week/aquarius.html,200,OK,Thread Group 1-14,text,true,65642,332,20,20,https://www.astrology.com/horoscope/weekly-dating/next-week/aquarius.html,157
1677195927073,744,/horoscope/weekly-dating/libra.html,200,OK,Thread Group 1-2,text,true,65470,306,20,20,https://www.astrology.com/horoscope/weekly-dating/libra.html,169
1677195927089,738,/horoscope/weekly-dating/leo.html,200,OK,Thread Group 1-11,text,true,65490,302,20,20,https://www.astrology.com/horoscope/weekly-dating/leo.html,158
1677195927114,747,/horoscope/weekly-dating/last-week/libra.html,200,OK,Thread Group 1-6,text,true,65535,326,20,20,https://www.astrology.com/horoscope/weekly-dating/last-week/libra.html,166
1677195927094,797,/horoscope/weekly-dating/last-week/taurus.html,200,OK,Thread Group 1-16,text,true,65550,328,20,20,https://www.astrology.com/horoscope/weekly-dating/last-week/taurus.html,167
1677195927106,818,/horoscope/weekly-dating/last-week/pisces.html,200,OK,Thread Group 1-15,text,true,65562,328,20,20,https://www.astrology.com/horoscope/weekly-dating/last-week/pisces.html,167
1677195927238,765,/horoscope/weekly-dating/last-week/gemini.html,200,OK,Thread Group 1-7,text,true,65673,328,20,20,https://www.astrology.com/horoscope/weekly-dating/last-week/gemini.html,163
1677195927292,742,/horoscope/weekly-dating/last-week/cancer.html,200,OK,Thread Group 1-17,text,true,65596,328,20,20,https://www.astrology.com/horoscope/weekly-dating/last-week/cancer.html,157
1677195927235,806,/horoscope/weekly-dating/last-week/leo.html,200,OK,Thread Group 1-3,text,true,65419,322,20,20,https://www.astrology.com/horoscope/weekly-dating/last-week/leo.html,158
1677195927285,770,/horoscope/weekly-dating/last-week/capricorn.html,200,OK,Thread Group 1-20,text,true,65634,334,20,20,https://www.astrology.com/horoscope/weekly-dating/last-week/capricorn.html,162
1677195927331,768,/horoscope/weekly-dating/last-week/aries.html,200,OK,Thread Group 1-4,text,true,65606,326,20,20,https://www.astrology.com/horoscope/weekly-dating/last-week/aries.html,165
1677195927387,755,/horoscope/weekly-dating/last-week/aquarius.html,200,OK,Thread Group 1-19,text,true,65644,332,20,20,https://www.astrology.com/horoscope/weekly-dating/last-week/aquarius.html,155
1677195927414,748,/horoscope/weekly-dating/gemini.html,200,OK,Thread Group 1-13,text,true,65532,308,20,20,https://www.astrology.com/horoscope/weekly-dating/gemini.html,166
1677195927472,740,/horoscope/weekly-dating/capricorn.html,200,OK,Thread Group 1-12,text,true,65578,314,20,20,https://www.astrology.com/horoscope/weekly-dating/capricorn.html,157
1677195927484,733,/horoscope/weekly-dating/cancer.html,200,OK,Thread Group 1-10,text,true,65567,308,20,20,https://www.astrology.com/horoscope/weekly-dating/cancer.html,163
1677195927505,815,/horoscope/weekly-dating/aries.html,200,OK,Thread Group 1-18,text,true,65619,306,20,20,https://www.astrology.com/horoscope/weekly-dating/aries.html,159
1677195927575,838,/horoscope/weekly-dating/aquarius.html,200,OK,Thread Group 1-9,text,true,65564,312,20,20,https://www.astrology.com/horoscope/weekly-dating/aquarius.html,162
1677195927633,795,/horoscope/monthly-work/taurus.html,200,OK,Thread Group 1-8,text,true,66236,306,20,20,https://www.astrology.com/horoscope/monthly-work/taurus.html,162
1677195927684,773,/horoscope/monthly-work/scorpio.html,200,OK,Thread Group 1-1,text,true,66150,308,20,20,https://www.astrology.com/horoscope/monthly-work/scorpio.html,177
1677195927729,776,/horoscope/monthly-work/sagittarius.html,200,OK,Thread Group 1-14,text,true,66573,316,20,20,https://www.astrology.com/horoscope/monthly-work/sagittarius.html,156
1677195927892,745,/horoscope/monthly-work/gemini.html,200,OK,Thread Group 1-16,text,true,66327,306,20,20,https://www.astrology.com/horoscope/monthly-work/gemini.html,154
1677195927818,847,/horoscope/monthly-work/pisces.html,200,OK,Thread Group 1-2,text,true,66128,306,20,20,https://www.astrology.com/horoscope/monthly-work/pisces.html,165
1677195927924,776,/horoscope/monthly-work/capricorn.html,200,OK,Thread Group 1-15,text,true,66393,312,20,20,https://www.astrology.com/horoscope/monthly-work/capricorn.html,168
1677195927621,1094,/horoscope/monthly-work/virgo.html,200,OK,Thread Group 1-5,text,true,66230,304,20,20,https://www.astrology.com/horoscope/monthly-work/virgo.html,154
1677195928004,764,/horoscope/monthly-work/cancer.html,200,OK,Thread Group 1-7,text,true,66267,306,20,20,https://www.astrology.com/horoscope/monthly-work/cancer.html,159
1677195928042,744,/horoscope/monthly-work/aquarius.html,200,OK,Thread Group 1-3,text,true,66290,310,20,20,https://www.astrology.com/horoscope/monthly-work/aquarius.html,161
1677195927828,972,/horoscope/monthly-work/libra.html,200,OK,Thread Group 1-11,text,true,66046,304,20,20,https://www.astrology.com/horoscope/monthly-work/libra.html,167
1677195928099,805,/horoscope/monthly-overview/taurus.html,200,OK,Thread Group 1-4,text,true,72884,314,20,20,https://www.astrology.com/horoscope/monthly-overview/taurus.html,162
1677195927861,1053,/horoscope/monthly-work/leo.html,200,OK,Thread Group 1-6,text,true,66256,300,20,20,https://www.astrology.com/horoscope/monthly-work/leo.html,168
1677195928056,869,/horoscope/monthly-overview/virgo.html,200,OK,Thread Group 1-20,text,true,72691,312,20,20,https://www.astrology.com/horoscope/monthly-overview/virgo.html,162
1677195928162,827,/horoscope/monthly-overview/sagittarius.html,200,OK,Thread Group 1-13,text,true,72955,324,20,20,https://www.astrology.com/horoscope/monthly-overview/sagittarius.html,162
1677195928213,800,/horoscope/monthly-overview/pisces.html,200,OK,Thread Group 1-12,text,true,72641,314,20,20,https://www.astrology.com/horoscope/monthly-overview/pisces.html,158
1677195928035,990,/horoscope/monthly-work/aries.html,200,OK,Thread Group 1-17,text,true,66379,304,20,20,https://www.astrology.com/horoscope/monthly-work/aries.html,162
1677195928218,892,/horoscope/monthly-overview/libra.html,200,OK,Thread Group 1-10,text,true,72765,312,20,20,https://www.astrology.com/horoscope/monthly-overview/libra.html,159
1677195928143,988,/horoscope/monthly-overview/scorpio.html,200,OK,Thread Group 1-19,text,true,72705,316,20,20,https://www.astrology.com/horoscope/monthly-overview/scorpio.html,156
1677195928429,791,/horoscope/monthly-overview/capricorn.html,200,OK,Thread Group 1-8,text,true,72882,320,20,20,https://www.astrology.com/horoscope/monthly-overview/capricorn.html,156
1677195928413,810,/horoscope/monthly-overview/gemini.html,200,OK,Thread Group 1-9,text,true,72843,314,20,20,https://www.astrology.com/horoscope/monthly-overview/gemini.html,168
1677195928457,975,/horoscope/monthly-overview/cancer.html,200,OK,Thread Group 1-1,text,true,72758,314,20,20,https://www.astrology.com/horoscope/monthly-overview/cancer.html,156
1677195928638,798,/horoscope/monthly-overview/aquarius.html,200,OK,Thread Group 1-16,text,true,72810,318,20,20,https://www.astrology.com/horoscope/monthly-overview/aquarius.html,167
1677195928700,736,/horoscope/monthly-love/virgo.html,200,OK,Thread Group 1-15,text,true,66474,304,20,20,https://www.astrology.com/horoscope/monthly-love/virgo.html,158
1677195928320,1133,/horoscope/monthly-overview/leo.html,200,OK,Thread Group 1-18,text,true,72734,308,20,20,https://www.astrology.com/horoscope/monthly-overview/leo.html,156
1677195928665,809,/horoscope/monthly-overview.html,200,OK,Thread Group 1-2,text,true,71370,300,20,20,https://www.astrology.com/horoscope/monthly-overview.html,164
1677195928716,766,/horoscope/monthly-love/taurus.html,200,OK,Thread Group 1-5,text,true,65928,306,20,20,https://www.astrology.com/horoscope/monthly-love/taurus.html,156
1677195928505,1000,/horoscope/monthly-overview/aries.html,200,OK,Thread Group 1-14,text,true,72801,312,20,20,https://www.astrology.com/horoscope/monthly-overview/aries.html,157
1677195928799,789,/horoscope/monthly-love/pisces.html,200,OK,Thread Group 1-11,text,true,66107,306,20,20,https://www.astrology.com/horoscope/monthly-love/pisces.html,161
1677195928904,729,/horoscope/monthly-love/libra.html,200,OK,Thread Group 1-4,text,true,65999,304,20,20,https://www.astrology.com/horoscope/monthly-love/libra.html,155
1677195928785,860,/horoscope/monthly-love/sagittarius.html,200,OK,Thread Group 1-3,text,true,66391,316,20,20,https://www.astrology.com/horoscope/monthly-love/sagittarius.html,160
1677195929012,751,/horoscope/monthly-love/cancer.html,200,OK,Thread Group 1-12,text,true,66471,306,20,20,https://www.astrology.com/horoscope/monthly-love/cancer.html,166
1677195928989,787,/horoscope/monthly-love/capricorn.html,200,OK,Thread Group 1-13,text,true,66051,312,20,20,https://www.astrology.com/horoscope/monthly-love/capricorn.html,156
1677195929130,765,/horoscope/monthly-dating/virgo.html,200,OK,Thread Group 1-19,text,true,65965,308,20,20,https://www.astrology.com/horoscope/monthly-dating/virgo.html,167
1677195929222,749,/horoscope/monthly-dating/scorpio.html,200,OK,Thread Group 1-9,text,true,66122,312,20,20,https://www.astrology.com/horoscope/monthly-dating/scorpio.html,164
1677195928768,1262,/horoscope/monthly-love/scorpio.html,200,OK,Thread Group 1-7,text,true,66556,308,20,20,https://www.astrology.com/horoscope/monthly-love/scorpio.html,177
1677195928913,1177,/horoscope/monthly-love/leo.html,200,OK,Thread Group 1-6,text,true,65942,300,20,20,https://www.astrology.com/horoscope/monthly-love/leo.html,174
1677195929109,986,/horoscope/monthly-love/aquarius.html,200,OK,Thread Group 1-10,text,true,66193,310,20,20,https://www.astrology.com/horoscope/monthly-love/aquarius.html,159
1677195929436,744,/horoscope/monthly-dating/pisces.html,200,OK,Thread Group 1-16,text,true,65999,310,20,20,https://www.astrology.com/horoscope/monthly-dating/pisces.html,169
1677195928925,1274,/horoscope/monthly-love/gemini.html,200,OK,Thread Group 1-20,text,true,66133,306,20,20,https://www.astrology.com/horoscope/monthly-love/gemini.html,167
1677195929453,781,/horoscope/monthly-dating/leo.html,200,OK,Thread Group 1-18,text,true,65977,304,20,20,https://www.astrology.com/horoscope/monthly-dating/leo.html,193
1677195929432,805,/horoscope/monthly-dating/sagittarius.html,200,OK,Thread Group 1-1,text,true,66215,320,20,20,https://www.astrology.com/horoscope/monthly-dating/sagittarius.html,173
1677195929024,1219,/horoscope/monthly-love/aries.html,200,OK,Thread Group 1-17,text,true,66018,304,20,20,https://www.astrology.com/horoscope/monthly-love/aries.html,160
1677195929436,832,/horoscope/monthly-dating/libra.html,200,OK,Thread Group 1-15,text,true,65992,308,20,20,https://www.astrology.com/horoscope/monthly-dating/libra.html,222
1677195929220,1085,/horoscope/monthly-dating/taurus.html,200,OK,Thread Group 1-8,text,true,66046,310,20,20,https://www.astrology.com/horoscope/monthly-dating/taurus.html,168
1677195929482,836,/horoscope/monthly-dating/capricorn.html,200,OK,Thread Group 1-5,text,true,66070,316,20,20,https://www.astrology.com/horoscope/monthly-dating/capricorn.html,194
1677195929505,865,/horoscope/monthly-dating/cancer.html,200,OK,Thread Group 1-14,text,true,66087,310,20,20,https://www.astrology.com/horoscope/monthly-dating/cancer.html,239
1677195929646,853,/horoscope/daily/yesterday/virgo.html,200,OK,Thread Group 1-3,text,true,71330,310,20,20,https://www.astrology.com/horoscope/daily/yesterday/virgo.html,158
1677195929589,1010,/horoscope/monthly-dating/aries.html,200,OK,Thread Group 1-11,text,true,66054,308,20,20,https://www.astrology.com/horoscope/monthly-dating/aries.html,158
1677195929474,1138,/horoscope/monthly-dating/gemini.html,200,OK,Thread Group 1-2,text,true,66090,310,20,20,https://www.astrology.com/horoscope/monthly-dating/gemini.html,200
1677195929777,861,/horoscope/daily/yesterday/scorpio.html,200,OK,Thread Group 1-13,text,true,71385,314,20,20,https://www.astrology.com/horoscope/daily/yesterday/scorpio.html,155
1677195929895,800,/horoscope/daily/yesterday/sagittarius.html,200,OK,Thread Group 1-19,text,true,71642,322,20,20,https://www.astrology.com/horoscope/daily/yesterday/sagittarius.html,165
1677195929633,1074,/horoscope/monthly-dating/aquarius.html,200,OK,Thread Group 1-4,text,true,66002,314,20,20,https://www.astrology.com/horoscope/monthly-dating/aquarius.html,162
1677195929971,777,/horoscope/daily/yesterday/pisces.html,200,OK,Thread Group 1-9,text,true,71337,312,20,20,https://www.astrology.com/horoscope/daily/yesterday/pisces.html,157
1677195929763,1008,/horoscope/daily/yesterday/taurus.html,200,OK,Thread Group 1-12,text,true,71335,312,20,20,https://www.astrology.com/horoscope/daily/yesterday/taurus.html,164
1677195930030,836,/horoscope/daily/yesterday/libra.html,200,OK,Thread Group 1-7,text,true,71337,310,20,20,https://www.astrology.com/horoscope/daily/yesterday/libra.html,156
1677195930091,807,/horoscope/daily/yesterday/leo.html,200,OK,Thread Group 1-6,text,true,71739,306,20,20,https://www.astrology.com/horoscope/daily/yesterday/leo.html,168
1677195930095,840,/horoscope/daily/yesterday/gemini.html,200,OK,Thread Group 1-10,text,true,71382,312,20,20,https://www.astrology.com/horoscope/daily/yesterday/gemini.html,162
1677195930181,807,/horoscope/daily/yesterday/capricorn.html,200,OK,Thread Group 1-16,text,true,71507,318,20,20,https://www.astrology.com/horoscope/daily/yesterday/capricorn.html,162
1677195930200,793,/horoscope/daily/yesterday/cancer.html,200,OK,Thread Group 1-20,text,true,71392,312,20,20,https://www.astrology.com/horoscope/daily/yesterday/cancer.html,159
1677195930243,805,/horoscope/daily/virgo.html,200,OK,Thread Group 1-17,text,true,71277,290,20,20,https://www.astrology.com/horoscope/daily/virgo.html,159
1677195930318,785,/horoscope/daily/tomorrow/scorpio.html,200,OK,Thread Group 1-5,text,true,71442,312,20,20,https://www.astrology.com/horoscope/daily/tomorrow/scorpio.html,154
1677195930238,888,/horoscope/daily/yesterday/aquarius.html,200,OK,Thread Group 1-1,text,true,71446,316,20,20,https://www.astrology.com/horoscope/daily/yesterday/aquarius.html,166
1677195930305,866,/horoscope/daily/tomorrow/taurus.html,200,OK,Thread Group 1-8,text,true,71362,310,20,20,https://www.astrology.com/horoscope/daily/tomorrow/taurus.html,161
1677195930268,982,/horoscope/daily/tomorrow/virgo.html,200,OK,Thread Group 1-15,text,true,71347,308,20,20,https://www.astrology.com/horoscope/daily/tomorrow/virgo.html,162
1677195930370,943,/horoscope/daily/tomorrow/sagittarius.html,200,OK,Thread Group 1-14,text,true,71672,320,20,20,https://www.astrology.com/horoscope/daily/tomorrow/sagittarius.html,157
1677195930599,781,/horoscope/daily/tomorrow/libra.html,200,OK,Thread Group 1-11,text,true,71316,308,20,20,https://www.astrology.com/horoscope/daily/tomorrow/libra.html,158
1677195930235,1191,/horoscope/daily/yesterday/aries.html,200,OK,Thread Group 1-18,text,true,71226,310,20,20,https://www.astrology.com/horoscope/daily/yesterday/aries.html,167
1677195930613,830,/horoscope/daily/tomorrow/leo.html,200,OK,Thread Group 1-2,text,true,71665,304,20,20,https://www.astrology.com/horoscope/daily/tomorrow/leo.html,167
1677195930696,804,/horoscope/daily/tomorrow/capricorn.html,200,OK,Thread Group 1-19,text,true,71509,316,20,20,https://www.astrology.com/horoscope/daily/tomorrow/capricorn.html,164
1677195930500,1009,/horoscope/daily/tomorrow/pisces.html,200,OK,Thread Group 1-3,text,true,71334,310,20,20,https://www.astrology.com/horoscope/daily/tomorrow/pisces.html,154
1677195930749,802,/horoscope/daily/tomorrow/aries.html,200,OK,Thread Group 1-9,text,true,71288,308,20,20,https://www.astrology.com/horoscope/daily/tomorrow/aries.html,158
1677195930708,854,/horoscope/daily/tomorrow/cancer.html,200,OK,Thread Group 1-4,text,true,71373,310,20,20,https://www.astrology.com/horoscope/daily/tomorrow/cancer.html,155
1677195930771,806,/horoscope/daily/tomorrow/aquarius.html,200,OK,Thread Group 1-12,text,true,71472,314,20,20,https://www.astrology.com/horoscope/daily/tomorrow/aquarius.html,163
1677195930639,1037,/horoscope/daily/tomorrow/gemini.html,200,OK,Thread Group 1-13,text,true,71373,310,20,20,https://www.astrology.com/horoscope/daily/tomorrow/gemini.html,158
1677195930866,811,/horoscope/daily/taurus.html,200,OK,Thread Group 1-7,text,true,71285,292,20,20,https://www.astrology.com/horoscope/daily/taurus.html,157
1677195930898,836,/horoscope/daily/scorpio.html,200,OK,Thread Group 1-6,text,true,71327,294,20,20,https://www.astrology.com/horoscope/daily/scorpio.html,157
1677195930935,800,/horoscope/daily/sagittarius.html,200,OK,Thread Group 1-10,text,true,71549,302,20,20,https://www.astrology.com/horoscope/daily/sagittarius.html,161
1677195930988,787,/horoscope/daily/pisces.html,200,OK,Thread Group 1-16,text,true,71314,292,20,20,https://www.astrology.com/horoscope/daily/pisces.html,165
1677195930994,792,/horoscope/daily/libra.html,200,OK,Thread Group 1-20,text,true,71282,290,20,20,https://www.astrology.com/horoscope/daily/libra.html,169
1677195931048,789,/horoscope/daily/leo.html,200,OK,Thread Group 1-17,text,true,71575,286,20,20,https://www.astrology.com/horoscope/daily/leo.html,168
1677195931127,790,/horoscope/daily/capricorn.html,200,OK,Thread Group 1-1,text,true,71484,298,20,20,https://www.astrology.com/horoscope/daily/capricorn.html,160
1677195931104,824,/horoscope/daily/gemini.html,200,OK,Thread Group 1-5,text,true,71278,292,20,20,https://www.astrology.com/horoscope/daily/gemini.html,163
1677195931172,812,/horoscope/daily/cancer.html,200,OK,Thread Group 1-8,text,true,71300,292,20,20,https://www.astrology.com/horoscope/daily/cancer.html,155
1677195931250,792,/horoscope/daily/aries.html,200,OK,Thread Group 1-15,text,true,71283,290,20,20,https://www.astrology.com/horoscope/daily/aries.html,166
1677195931313,810,/horoscope/daily/aquarius.html,200,OK,Thread Group 1-14,text,true,71439,296,20,20,https://www.astrology.com/horoscope/daily/aquarius.html,163
1677195931381,786,/horoscope/daily.html,200,OK,Thread Group 1-11,text,true,76537,278,20,20,https://www.astrology.com/horoscope/daily.html,156
1677195931500,746,/horoscope/daily-work/yesterday/scorpio.html,200,OK,Thread Group 1-19,text,true,68601,324,20,20,https://www.astrology.com/horoscope/daily-work/yesterday/scorpio.html,166
1677195931551,773,/horoscope/daily-work/yesterday/pisces.html,200,OK,Thread Group 1-9,text,true,68519,322,20,20,https://www.astrology.com/horoscope/daily-work/yesterday/pisces.html,155
1677195931509,825,/horoscope/daily-work/yesterday/sagittarius.html,200,OK,Thread Group 1-3,text,true,68913,332,20,20,https://www.astrology.com/horoscope/daily-work/yesterday/sagittarius.html,159
1677195931426,1007,/horoscope/daily-work/yesterday/virgo.html,200,OK,Thread Group 1-18,text,true,68419,320,20,20,https://www.astrology.com/horoscope/daily-work/yesterday/virgo.html,162
1677195931443,1003,/horoscope/daily-work/yesterday/taurus.html,200,OK,Thread Group 1-2,text,true,68623,322,20,20,https://www.astrology.com/horoscope/daily-work/yesterday/taurus.html,165
1677195931677,773,/horoscope/daily-work/yesterday/capricorn.html,200,OK,Thread Group 1-7,text,true,68650,328,20,20,https://www.astrology.com/horoscope/daily-work/yesterday/capricorn.html,171
1677195931677,779,/horoscope/daily-work/yesterday/gemini.html,200,OK,Thread Group 1-13,text,true,68580,322,20,20,https://www.astrology.com/horoscope/daily-work/yesterday/gemini.html,175
1677195931735,779,/horoscope/daily-work/yesterday/aries.html,200,OK,Thread Group 1-10,text,true,68569,320,20,20,https://www.astrology.com/horoscope/daily-work/yesterday/aries.html,158
1677195931786,754,/horoscope/daily-work/virgo.html,200,OK,Thread Group 1-20,text,true,68405,300,20,20,https://www.astrology.com/horoscope/daily-work/virgo.html,161
1677195931562,982,/horoscope/daily-work/yesterday/libra.html,200,OK,Thread Group 1-4,text,true,68439,320,20,20,https://www.astrology.com/horoscope/daily-work/yesterday/libra.html,157
1677195931776,777,/horoscope/daily-work/yesterday/aquarius.html,200,OK,Thread Group 1-16,text,true,68585,326,20,20,https://www.astrology.com/horoscope/daily-work/yesterday/aquarius.html,159
1677195931917,748,/horoscope/daily-work/tomorrow/taurus.html,200,OK,Thread Group 1-1,text,true,68636,320,20,20,https://www.astrology.com/horoscope/daily-work/tomorrow/taurus.html,163
1677195931578,1117,/horoscope/daily-work/yesterday/leo.html,200,OK,Thread Group 1-12,text,true,68386,316,20,20,https://www.astrology.com/horoscope/daily-work/yesterday/leo.html,165
1677195931929,771,/horoscope/daily-work/tomorrow/scorpio.html,200,OK,Thread Group 1-5,text,true,68621,322,20,20,https://www.astrology.com/horoscope/daily-work/tomorrow/scorpio.html,154
1677195931734,1005,/horoscope/daily-work/yesterday/cancer.html,200,OK,Thread Group 1-6,text,true,68563,322,20,20,https://www.astrology.com/horoscope/daily-work/yesterday/cancer.html,160
1677195931985,791,/horoscope/daily-work/tomorrow/sagittarius.html,200,OK,Thread Group 1-8,text,true,68842,330,20,20,https://www.astrology.com/horoscope/daily-work/tomorrow/sagittarius.html,159
1677195932042,775,/horoscope/daily-work/tomorrow/pisces.html,200,OK,Thread Group 1-15,text,true,68475,320,20,20,https://www.astrology.com/horoscope/daily-work/tomorrow/pisces.html,156
1677195931837,1026,/horoscope/daily-work/tomorrow/virgo.html,200,OK,Thread Group 1-17,text,true,68501,318,20,20,https://www.astrology.com/horoscope/daily-work/tomorrow/virgo.html,168
1677195932123,753,/horoscope/daily-work/tomorrow/libra.html,200,OK,Thread Group 1-14,text,true,68458,318,20,20,https://www.astrology.com/horoscope/daily-work/tomorrow/libra.html,158
1677195932167,766,/horoscope/daily-work/tomorrow/leo.html,200,OK,Thread Group 1-11,text,true,68362,314,20,20,https://www.astrology.com/horoscope/daily-work/tomorrow/leo.html,167
1677195932246,752,/horoscope/daily-work/tomorrow/gemini.html,200,OK,Thread Group 1-19,text,true,68516,320,20,20,https://www.astrology.com/horoscope/daily-work/tomorrow/gemini.html,161
1677195932324,751,/horoscope/daily-work/tomorrow/capricorn.html,200,OK,Thread Group 1-9,text,true,68651,326,20,20,https://www.astrology.com/horoscope/daily-work/tomorrow/capricorn.html,157
1677195932334,792,/horoscope/daily-work/tomorrow/cancer.html,200,OK,Thread Group 1-3,text,true,68528,320,20,20,https://www.astrology.com/horoscope/daily-work/tomorrow/cancer.html,157
1677195932446,750,/horoscope/daily-work/tomorrow/aquarius.html,200,OK,Thread Group 1-2,text,true,68582,324,20,20,https://www.astrology.com/horoscope/daily-work/tomorrow/aquarius.html,163
1677195932457,752,/horoscope/daily-work/scorpio.html,200,OK,Thread Group 1-13,text,true,68509,304,20,20,https://www.astrology.com/horoscope/daily-work/scorpio.html,154
1677195932515,746,/horoscope/daily-work/sagittarius.html,200,OK,Thread Group 1-10,text,true,68743,312,20,20,https://www.astrology.com/horoscope/daily-work/sagittarius.html,158
1677195932540,737,/horoscope/daily-work/pisces.html,200,OK,Thread Group 1-20,text,true,68412,302,20,20,https://www.astrology.com/horoscope/daily-work/pisces.html,160
1677195932450,827,/horoscope/daily-work/taurus.html,200,OK,Thread Group 1-7,text,true,68465,302,20,20,https://www.astrology.com/horoscope/daily-work/taurus.html,157
1677195932545,760,/horoscope/daily-work/libra.html,200,OK,Thread Group 1-4,text,true,68322,300,20,20,https://www.astrology.com/horoscope/daily-work/libra.html,161
1677195932666,744,/horoscope/daily-work/gemini.html,200,OK,Thread Group 1-1,text,true,68416,302,20,20,https://www.astrology.com/horoscope/daily-work/gemini.html,166
1677195932434,976,/horoscope/daily-work/tomorrow/aries.html,200,OK,Thread Group 1-18,text,true,68552,318,20,20,https://www.astrology.com/horoscope/daily-work/tomorrow/aries.html,157
1677195932696,819,/horoscope/daily-work/capricorn.html,200,OK,Thread Group 1-12,text,true,68566,308,20,20,https://www.astrology.com/horoscope/daily-work/capricorn.html,156
1677195932776,745,/horoscope/daily-work/aquarius.html,200,OK,Thread Group 1-8,text,true,68527,306,20,20,https://www.astrology.com/horoscope/daily-work/aquarius.html,165
1677195932553,1002,/horoscope/daily-work/leo.html,200,OK,Thread Group 1-16,text,true,68306,296,20,20,https://www.astrology.com/horoscope/daily-work/leo.html,161
1677195932818,792,/horoscope/daily-love/yesterday/virgo.html,200,OK,Thread Group 1-15,text,true,68850,320,20,20,https://www.astrology.com/horoscope/daily-love/yesterday/virgo.html,159
1677195932877,758,/horoscope/daily-love/yesterday/scorpio.html,200,OK,Thread Group 1-14,text,true,68613,324,20,20,https://www.astrology.com/horoscope/daily-love/yesterday/scorpio.html,159
1677195932700,1009,/horoscope/daily-work/cancer.html,200,OK,Thread Group 1-5,text,true,68431,302,20,20,https://www.astrology.com/horoscope/daily-work/cancer.html,158
1677195932863,850,/horoscope/daily-love/yesterday/taurus.html,200,OK,Thread Group 1-17,text,true,68901,322,20,20,https://www.astrology.com/horoscope/daily-love/yesterday/taurus.html,165
1677195932739,988,/horoscope/daily-work/aries.html,200,OK,Thread Group 1-6,text,true,68440,300,20,20,https://www.astrology.com/horoscope/daily-work/aries.html,158
1677195932998,764,/horoscope/daily-love/yesterday/pisces.html,200,OK,Thread Group 1-19,text,true,68787,322,20,20,https://www.astrology.com/horoscope/daily-love/yesterday/pisces.html,160
1677195932933,870,/horoscope/daily-love/yesterday/sagittarius.html,200,OK,Thread Group 1-11,text,true,68840,332,20,20,https://www.astrology.com/horoscope/daily-love/yesterday/sagittarius.html,156
1677195933075,803,/horoscope/daily-love/yesterday/libra.html,200,OK,Thread Group 1-9,text,true,68847,320,20,20,https://www.astrology.com/horoscope/daily-love/yesterday/libra.html,158
1677195933126,762,/horoscope/daily-love/yesterday/leo.html,200,OK,Thread Group 1-3,text,true,68810,316,20,20,https://www.astrology.com/horoscope/daily-love/yesterday/leo.html,158
1677195933306,782,/horoscope/daily-love/virgo.html,200,OK,Thread Group 1-4,text,true,68672,300,20,20,https://www.astrology.com/horoscope/daily-love/virgo.html,159
1677195933277,826,/horoscope/daily-love/yesterday/aries.html,200,OK,Thread Group 1-20,text,true,68504,320,20,20,https://www.astrology.com/horoscope/daily-love/yesterday/aries.html,156
1677195933411,765,/horoscope/daily-love/tomorrow/taurus.html,200,OK,Thread Group 1-18,text,true,68508,320,20,20,https://www.astrology.com/horoscope/daily-love/tomorrow/taurus.html,160
1677195933210,991,/horoscope/daily-love/yesterday/capricorn.html,200,OK,Thread Group 1-13,text,true,68560,328,20,20,https://www.astrology.com/horoscope/daily-love/yesterday/capricorn.html,155
1677195933410,805,/horoscope/daily-love/tomorrow/virgo.html,200,OK,Thread Group 1-1,text,true,68361,318,20,20,https://www.astrology.com/horoscope/daily-love/tomorrow/virgo.html,159
1677195933197,1026,/horoscope/daily-love/yesterday/gemini.html,200,OK,Thread Group 1-2,text,true,69007,322,20,20,https://www.astrology.com/horoscope/daily-love/yesterday/gemini.html,163
1677195933262,983,/horoscope/daily-love/yesterday/cancer.html,200,OK,Thread Group 1-10,text,true,68886,322,20,20,https://www.astrology.com/horoscope/daily-love/yesterday/cancer.html,156
1677195933521,780,/horoscope/daily-love/tomorrow/sagittarius.html,200,OK,Thread Group 1-8,text,true,68750,330,20,20,https://www.astrology.com/horoscope/daily-love/tomorrow/sagittarius.html,158
1677195933555,758,/horoscope/daily-love/tomorrow/pisces.html,200,OK,Thread Group 1-16,text,true,68416,320,20,20,https://www.astrology.com/horoscope/daily-love/tomorrow/pisces.html,168
1677195933277,1083,/horoscope/daily-love/yesterday/aquarius.html,200,OK,Thread Group 1-7,text,true,68526,326,20,20,https://www.astrology.com/horoscope/daily-love/yesterday/aquarius.html,166
1677195933611,765,/horoscope/daily-love/tomorrow/libra.html,200,OK,Thread Group 1-15,text,true,68810,318,20,20,https://www.astrology.com/horoscope/daily-love/tomorrow/libra.html,162
1677195933635,742,/horoscope/daily-love/tomorrow/leo.html,200,OK,Thread Group 1-14,text,true,68278,314,20,20,https://www.astrology.com/horoscope/daily-love/tomorrow/leo.html,162
1677195933710,756,/horoscope/daily-love/tomorrow/gemini.html,200,OK,Thread Group 1-5,text,true,68431,320,20,20,https://www.astrology.com/horoscope/daily-love/tomorrow/gemini.html,164
1677195933713,796,/horoscope/daily-love/tomorrow/capricorn.html,200,OK,Thread Group 1-17,text,true,68976,326,20,20,https://www.astrology.com/horoscope/daily-love/tomorrow/capricorn.html,166
1677195933516,1010,/horoscope/daily-love/tomorrow/scorpio.html,200,OK,Thread Group 1-12,text,true,68525,322,20,20,https://www.astrology.com/horoscope/daily-love/tomorrow/scorpio.html,160
1677195933763,775,/horoscope/daily-love/tomorrow/aries.html,200,OK,Thread Group 1-19,text,true,68424,318,20,20,https://www.astrology.com/horoscope/daily-love/tomorrow/aries.html,160
1677195933728,838,/horoscope/daily-love/tomorrow/cancer.html,200,OK,Thread Group 1-6,text,true,68839,320,20,20,https://www.astrology.com/horoscope/daily-love/tomorrow/cancer.html,160
1677195933804,782,/horoscope/daily-love/tomorrow/aquarius.html,200,OK,Thread Group 1-11,text,true,68491,324,20,20,https://www.astrology.com/horoscope/daily-love/tomorrow/aquarius.html,159
1677195933879,776,/horoscope/daily-love/taurus.html,200,OK,Thread Group 1-9,text,true,68414,302,20,20,https://www.astrology.com/horoscope/daily-love/taurus.html,165
1677195934089,772,/horoscope/daily-love/sagittarius.html,200,OK,Thread Group 1-4,text,true,68777,312,20,20,https://www.astrology.com/horoscope/daily-love/sagittarius.html,164
1677195933889,1007,/horoscope/daily-love/scorpio.html,200,OK,Thread Group 1-3,text,true,68432,304,20,20,https://www.astrology.com/horoscope/daily-love/scorpio.html,160
1677195934177,759,/horoscope/daily-love/libra.html,200,OK,Thread Group 1-18,text,true,68307,300,20,20,https://www.astrology.com/horoscope/daily-love/libra.html,155
1677195934215,753,/horoscope/daily-love/gemini.html,200,OK,Thread Group 1-1,text,true,68795,302,20,20,https://www.astrology.com/horoscope/daily-love/gemini.html,163
1677195934223,794,/horoscope/daily-love/capricorn.html,200,OK,Thread Group 1-2,text,true,68863,308,20,20,https://www.astrology.com/horoscope/daily-love/capricorn.html,159
1677195934201,839,/horoscope/daily-love/leo.html,200,OK,Thread Group 1-13,text,true,68141,296,20,20,https://www.astrology.com/horoscope/daily-love/leo.html,160
1677195934104,995,/horoscope/daily-love/pisces.html,200,OK,Thread Group 1-20,text,true,68824,302,20,20,https://www.astrology.com/horoscope/daily-love/pisces.html,160
1677195934245,854,/horoscope/daily-love/cancer.html,200,OK,Thread Group 1-10,text,true,68366,302,20,20,https://www.astrology.com/horoscope/daily-love/cancer.html,164
1677195934360,747,/horoscope/daily-dating/yesterday/virgo.html,200,OK,Thread Group 1-7,text,true,68194,324,20,20,https://www.astrology.com/horoscope/daily-dating/yesterday/virgo.html,166
1677195934302,815,/horoscope/daily-love/aries.html,200,OK,Thread Group 1-8,text,true,68392,300,20,20,https://www.astrology.com/horoscope/daily-love/aries.html,160
1677195934467,743,/horoscope/daily-dating/yesterday/sagittarius.html,200,OK,Thread Group 1-5,text,true,68569,336,20,20,https://www.astrology.com/horoscope/daily-dating/yesterday/sagittarius.html,155
1677195934376,851,/horoscope/daily-dating/yesterday/taurus.html,200,OK,Thread Group 1-15,text,true,68319,326,20,20,https://www.astrology.com/horoscope/daily-dating/yesterday/taurus.html,161
1677195934313,985,/horoscope/daily-love/aquarius.html,200,OK,Thread Group 1-16,text,true,68502,306,20,20,https://www.astrology.com/horoscope/daily-love/aquarius.html,159
1677195934509,832,/horoscope/daily-dating/yesterday/pisces.html,200,OK,Thread Group 1-17,text,true,68247,326,20,20,https://www.astrology.com/horoscope/daily-dating/yesterday/pisces.html,156
1677195934656,718,/horoscope/daily-dating/yesterday/cancer.html,200,OK,Thread Group 1-9,text,true,68267,326,20,20,https://www.astrology.com/horoscope/daily-dating/yesterday/cancer.html,155
1677195934377,1007,/horoscope/daily-dating/yesterday/scorpio.html,200,OK,Thread Group 1-14,text,true,68344,328,20,20,https://www.astrology.com/horoscope/daily-dating/yesterday/scorpio.html,155
1677195934538,898,/horoscope/daily-dating/yesterday/leo.html,200,OK,Thread Group 1-19,text,true,68100,320,20,20,https://www.astrology.com/horoscope/daily-dating/yesterday/leo.html,164
1677195934527,969,/horoscope/daily-dating/yesterday/libra.html,200,OK,Thread Group 1-12,text,true,68150,324,20,20,https://www.astrology.com/horoscope/daily-dating/yesterday/libra.html,162
1677195934586,980,/horoscope/daily-dating/yesterday/capricorn.html,200,OK,Thread Group 1-11,text,true,68346,332,20,20,https://www.astrology.com/horoscope/daily-dating/yesterday/capricorn.html,161
1677195934861,795,/horoscope/daily-dating/yesterday/aries.html,200,OK,Thread Group 1-4,text,true,68260,324,20,20,https://www.astrology.com/horoscope/daily-dating/yesterday/aries.html,158
1677195934566,1098,/horoscope/daily-dating/yesterday/gemini.html,200,OK,Thread Group 1-6,text,true,68308,326,20,20,https://www.astrology.com/horoscope/daily-dating/yesterday/gemini.html,161
1677195934936,752,/horoscope/daily-dating/virgo.html,200,OK,Thread Group 1-18,text,true,68086,304,20,20,https://www.astrology.com/horoscope/dai