elapsed,label,responseCode,responseMessage,threadName,success,sentBytes,grpThreads,allThreads,URL,Latency,Connect
387,/tarot.html,502,Bad Gateway,Tarot Index Page - Thread Group 1-1,false,129,1,1,https://dev.astrology.com/tarot.html,387,294
251,/tarot/card-meanings,502,Bad Gateway,Tarot Index Page - Thread Group 1-1,false,138,2,2,https://dev.astrology.com/tarot/card-meanings,251,158
264,/zodiac-man,502,Bad Gateway,Tarot Index Page - Thread Group 1-2,false,129,2,2,https://dev.astrology.com/zodiac-man,263,159
248,/zodiac-signs/aquarius,502,Bad Gateway,Tarot Index Page - Thread Group 1-1,false,140,2,2,https://dev.astrology.com/zodiac-signs/aquarius,248,157
245,/psychic-readings/tarot.html,502,Bad Gateway,Tarot Index Page - Thread Group 1-2,false,146,3,3,https://dev.astrology.com/psychic-readings/tarot.html,245,158
246,/compatibility/daily-karmic-number.html,502,Bad Gateway,Tarot Index Page - Thread Group 1-1,false,157,3,3,https://dev.astrology.com/compatibility/daily-karmic-number.html,245,154
243,/tarot/love-potential.html,502,Bad Gateway,Tarot Index Page - Thread Group 1-3,false,144,3,3,https://dev.astrology.com/tarot/love-potential.html,243,155
242,/us/horoscope/index-daily-love.aspx,502,Bad Gateway,Tarot Index Page - Thread Group 1-2,false,153,3,3,https://dev.astrology.com/us/horoscope/index-daily-love.aspx,242,155
295,/tarot/card-meanings/suit-of-swords,502,Bad Gateway,Tarot Index Page - Thread Group 1-1,false,153,3,3,https://dev.astrology.com/tarot/card-meanings/suit-of-swords,292,203
252,/tarot/card-meanings/the-fool,502,Bad Gateway,Tarot Index Page - Thread Group 1-3,false,147,3,3,https://dev.astrology.com/tarot/card-meanings/the-fool,252,160
244,/tarot/daily-love.html,502,Bad Gateway,Tarot Index Page - Thread Group 1-2,false,140,3,3,https://dev.astrology.com/tarot/daily-love.html,244,153
248,/zodiac-signs/pisces,502,Bad Gateway,Tarot Index Page - Thread Group 1-3,false,138,4,4,https://dev.astrology.com/zodiac-signs/pisces,248,158
375,/tarot/how-to-tarot,502,Bad Gateway,Tarot Index Page - Thread Group 1-1,false,137,4,4,https://dev.astrology.com/tarot/how-to-tarot,375,156
360,/js/jquery.lazyload.extended.js?v=1600123116,200,OK,Tarot Index Page - Thread Group 1-4,true,162,4,4,https://dev.astrology.com/js/jquery.lazyload.extended.js?v=1600123116,360,155
371,/tarot/daily-flirt.html,502,Bad Gateway,Tarot Index Page - Thread Group 1-2,false,141,4,4,https://dev.astrology.com/tarot/daily-flirt.html,371,157
252,/tarot/card-meanings/the-empress,502,Bad Gateway,Tarot Index Page - Thread Group 1-3,false,150,4,4,https://dev.astrology.com/tarot/card-meanings/the-empress,252,157
246,/modalities,502,Bad Gateway,Tarot Index Page - Thread Group 1-2,false,129,5,5,https://dev.astrology.com/modalities,246,152
296,/us/horoscope/index-yearly-2023.aspx,502,Bad Gateway,Tarot Index Page - Thread Group 1-4,false,154,5,5,https://dev.astrology.com/us/horoscope/index-yearly-2023.aspx,296,160
364,/compatibility/zodiac-signs/career.html,502,Bad Gateway,Tarot Index Page - Thread Group 1-1,false,157,5,5,https://dev.astrology.com/compatibility/zodiac-signs/career.html,364,159
251,/wp-content/uploads/sites/9/2021/12/your-tarot-readng-2022-300x163.jpeg,502,Bad Gateway,Tarot Index Page - Thread Group 1-3,false,189,5,5,https://dev.astrology.com/wp-content/uploads/sites/9/2021/12/your-tarot-readng-2022-300x163.jpeg,251,156
256,/compatibility/secret-crush.html,502,Bad Gateway,Tarot Index Page - Thread Group 1-5,false,150,5,5,https://dev.astrology.com/compatibility/secret-crush.html,255,156
251,/horoscope/weekly-overview.html,502,Bad Gateway,Tarot Index Page - Thread Group 1-2,false,149,5,5,https://dev.astrology.com/horoscope/weekly-overview.html,250,156
256,/article/weekly-tarot-reading-december-11/,502,Bad Gateway,Tarot Index Page - Thread Group 1-4,false,160,5,5,https://dev.astrology.com/article/weekly-tarot-reading-december-11/,256,161
258,/img/icons/icon-tarot-breakup.svg,502,Bad Gateway,Tarot Index Page - Thread Group 1-1,false,151,5,5,https://dev.astrology.com/img/icons/icon-tarot-breakup.svg,258,163
244,/wp-content/uploads/sites/9/2021/11/tarot-reading-november-300x163.jpeg,502,Bad Gateway,Tarot Index Page - Thread Group 1-5,false,189,6,6,https://dev.astrology.com/wp-content/uploads/sites/9/2021/11/tarot-reading-november-300x163.jpeg,244,153
250,/houses,502,Bad Gateway,Tarot Index Page - Thread Group 1-3,false,125,6,6,https://dev.astrology.com/houses,250,157
256,/horoscope/monthly-overview.html,502,Bad Gateway,Tarot Index Page - Thread Group 1-4,false,150,6,6,https://dev.astrology.com/horoscope/monthly-overview.html,256,157
372,/elements,502,Bad Gateway,Tarot Index Page - Thread Group 1-2,false,127,6,6,https://dev.astrology.com/elements,371,162
252,/compatibility/fortune-cookie.html,502,Bad Gateway,Tarot Index Page - Thread Group 1-5,false,152,6,6,https://dev.astrology.com/compatibility/fortune-cookie.html,252,155
257,/us/horoscope/index-chinese.aspx,502,Bad Gateway,Tarot Index Page - Thread Group 1-3,false,150,6,6,https://dev.astrology.com/us/horoscope/index-chinese.aspx,257,165
261,/img/logo-white.svg,200,OK,Tarot Index Page - Thread Group 1-6,true,137,6,6,https://dev.astrology.com/img/logo-white.svg,261,165
364,/compatibility,502,Bad Gateway,Tarot Index Page - Thread Group 1-1,false,132,6,6,https://dev.astrology.com/compatibility,360,157
262,/chinese-zodiac,502,Bad Gateway,Tarot Index Page - Thread Group 1-4,false,133,6,6,https://dev.astrology.com/chinese-zodiac,262,173
251,/asteroids,502,Bad Gateway,Tarot Index Page - Thread Group 1-2,false,128,6,6,https://dev.astrology.com/asteroids,251,156
270,/tarot/card-meanings/suit-of-wands,502,Bad Gateway,Tarot Index Page - Thread Group 1-6,false,152,7,7,https://dev.astrology.com/tarot/card-meanings/suit-of-wands,270,163
249,/tarot/daily.html,502,Bad Gateway,Tarot Index Page - Thread Group 1-1,false,135,7,7,https://dev.astrology.com/tarot/daily.html,249,158
354,/zodiac-signs/leo,502,Bad Gateway,Tarot Index Page - Thread Group 1-5,false,135,7,7,https://dev.astrology.com/zodiac-signs/leo,354,154
377,/compatibility/magic-8-ball-love.html,502,Bad Gateway,Tarot Index Page - Thread Group 1-3,false,155,7,7,https://dev.astrology.com/compatibility/magic-8-ball-love.html,377,166
254,/compatibility/zodiac-signs/love.html,502,Bad Gateway,Tarot Index Page - Thread Group 1-7,false,155,7,7,https://dev.astrology.com/compatibility/zodiac-signs/love.html,253,158
256,/article/weekly-tarot-reading-december-25/,502,Bad Gateway,Tarot Index Page - Thread Group 1-6,false,160,7,7,https://dev.astrology.com/article/weekly-tarot-reading-december-25/,256,167
372,/zodiac-signs/virgo,502,Bad Gateway,Tarot Index Page - Thread Group 1-4,false,137,7,7,https://dev.astrology.com/zodiac-signs/virgo,372,160
251,/horoscope/daily.html,502,Bad Gateway,Tarot Index Page - Thread Group 1-1,false,139,7,7,https://dev.astrology.com/horoscope/daily.html,251,158
355,/img/icons/icon-tarot-daily-career.svg,502,Bad Gateway,Tarot Index Page - Thread Group 1-2,false,156,7,7,https://dev.astrology.com/img/icons/icon-tarot-daily-career.svg,355,155
252,/birth-chart/?utm_source=direct&utm_medium=acquisition&utm_campaign=site-map,502,Bad Gateway,Tarot Index Page - Thread Group 1-5,false,194,7,7,https://dev.astrology.com/birth-chart/?utm_source=direct&utm_medium=acquisition&utm_campaign=site-map,252,158
239,/zodiac-signs/taurus,502,Bad Gateway,Tarot Index Page - Thread Group 1-3,false,138,7,7,https://dev.astrology.com/zodiac-signs/taurus,239,153
248,/us/horoscope/index-daily-dating.aspx,502,Bad Gateway,Tarot Index Page - Thread Group 1-7,false,155,8,8,https://dev.astrology.com/us/horoscope/index-daily-dating.aspx,248,157
246,/zodiac-signs,502,Bad Gateway,Tarot Index Page - Thread Group 1-6,false,131,8,8,https://dev.astrology.com/zodiac-signs,246,156
253,/us/feedback.aspx,502,Bad Gateway,Tarot Index Page - Thread Group 1-4,false,135,8,8,https://dev.astrology.com/us/feedback.aspx,253,159
250,/us/aboutus.aspx,502,Bad Gateway,Tarot Index Page - Thread Group 1-1,false,134,8,8,https://dev.astrology.com/us/aboutus.aspx,250,158
258,/img/tarot/tarot-meaning-wide.jpg,502,Bad Gateway,Tarot Index Page - Thread Group 1-2,false,151,8,8,https://dev.astrology.com/img/tarot/tarot-meaning-wide.jpg,258,174
231,/tarot/card-meanings/suit-of-cups,502,Bad Gateway,Tarot Index Page - Thread Group 1-3,false,151,8,8,https://dev.astrology.com/tarot/card-meanings/suit-of-cups,230,149
277,/img/icons/icon-tarot-love-potential.svg,200,OK,Tarot Index Page - Thread Group 1-5,true,158,8,8,https://dev.astrology.com/img/icons/icon-tarot-love-potential.svg,277,175
234,/retrograde,502,Bad Gateway,Tarot Index Page - Thread Group 1-7,false,129,8,8,https://dev.astrology.com/retrograde,233,154
251,/wp-content/uploads/sites/9/2021/12/your-tarot-reading-new-year-300x163.jpeg,502,Bad Gateway,Tarot Index Page - Thread Group 1-8,false,194,8,8,https://dev.astrology.com/wp-content/uploads/sites/9/2021/12/your-tarot-reading-new-year-300x163.jpeg,250,158
245,/tarot/card-meanings/suit-of-pentacles,502,Bad Gateway,Tarot Index Page - Thread Group 1-6,false,156,8,8,https://dev.astrology.com/tarot/card-meanings/suit-of-pentacles,245,157
251,/tos.html,502,Bad Gateway,Tarot Index Page - Thread Group 1-4,false,127,8,8,https://dev.astrology.com/tos.html,251,158
247,/zodiac-signs/gemini,502,Bad Gateway,Tarot Index Page - Thread Group 1-1,false,138,8,8,https://dev.astrology.com/zodiac-signs/gemini,247,156
239,/zodiac-signs/sagittarius,502,Bad Gateway,Tarot Index Page - Thread Group 1-2,false,143,8,8,https://dev.astrology.com/zodiac-signs/sagittarius,239,154
263,/psychic-readings,502,Bad Gateway,Tarot Index Page - Thread Group 1-5,false,135,8,8,https://dev.astrology.com/psychic-readings,262,163
367,/us/astrology-calendar-2023.aspx,502,Bad Gateway,Tarot Index Page - Thread Group 1-3,false,150,8,8,https://dev.astrology.com/us/astrology-calendar-2023.aspx,367,165
239,/numerology,502,Bad Gateway,Tarot Index Page - Thread Group 1-7,false,129,8,8,https://dev.astrology.com/numerology,238,159
240,/planets,502,Bad Gateway,Tarot Index Page - Thread Group 1-8,false,126,8,8,https://dev.astrology.com/planets,239,161
233,/compatibility/book-of-love.html,502,Bad Gateway,Tarot Index Page - Thread Group 1-6,false,150,9,9,https://dev.astrology.com/compatibility/book-of-love.html,233,151
249,/tarot/yes-no.html,502,Bad Gateway,Tarot Index Page - Thread Group 1-4,false,136,9,9,https://dev.astrology.com/tarot/yes-no.html,249,160
253,/img/icons/icon-tarot-daily-love.svg,502,Bad Gateway,Tarot Index Page - Thread Group 1-1,false,154,9,9,https://dev.astrology.com/img/icons/icon-tarot-daily-love.svg,253,158
244,/img/icons/icon-tarot-daily-flirt.svg,502,Bad Gateway,Tarot Index Page - Thread Group 1-2,false,155,9,9,https://dev.astrology.com/img/icons/icon-tarot-daily-flirt.svg,244,152
241,/tarot/breakup.html,502,Bad Gateway,Tarot Index Page - Thread Group 1-5,false,137,9,9,https://dev.astrology.com/tarot/breakup.html,241,156
249,/us/tarot/tarot-yin-yang.aspx,502,Bad Gateway,Tarot Index Page - Thread Group 1-7,false,147,9,9,https://dev.astrology.com/us/tarot/tarot-yin-yang.aspx,249,157
253,/compatibility/game-ask-the-genie.html,502,Bad Gateway,Tarot Index Page - Thread Group 1-3,false,156,9,9,https://dev.astrology.com/compatibility/game-ask-the-genie.html,253,158
244,/syndicate,502,Bad Gateway,Tarot Index Page - Thread Group 1-8,false,128,9,9,https://dev.astrology.com/syndicate,244,158
253,/img/tarot/tarot-how-to-read-wide.jpg,502,Bad Gateway,Tarot Index Page - Thread Group 1-9,false,155,9,9,https://dev.astrology.com/img/tarot/tarot-how-to-read-wide.jpg,253,171
247,/articles,502,Bad Gateway,Tarot Index Page - Thread Group 1-6,false,127,9,9,https://dev.astrology.com/articles,247,156
239,/article/weekly-tarot-reading-december-18/,502,Bad Gateway,Tarot Index Page - Thread Group 1-1,false,160,9,9,https://dev.astrology.com/article/weekly-tarot-reading-december-18/,239,153
254,/privacy.html,502,Bad Gateway,Tarot Index Page - Thread Group 1-4,false,131,9,9,https://dev.astrology.com/privacy.html,254,157
235,/zodiac-signs/aries,502,Bad Gateway,Tarot Index Page - Thread Group 1-2,false,137,9,9,https://dev.astrology.com/zodiac-signs/aries,235,158
248,/learn,502,Bad Gateway,Tarot Index Page - Thread Group 1-5,false,124,9,9,https://dev.astrology.com/learn,248,159
246,/zodiac-woman,502,Bad Gateway,Tarot Index Page - Thread Group 1-3,false,131,9,9,https://dev.astrology.com/zodiac-woman,246,153
249,/img/icons/icon-tarot-daily.svg,502,Bad Gateway,Tarot Index Page - Thread Group 1-7,false,149,9,9,https://dev.astrology.com/img/icons/icon-tarot-daily.svg,249,156
247,/zodiac-signs/scorpio,502,Bad Gateway,Tarot Index Page - Thread Group 1-8,false,139,9,9,https://dev.astrology.com/zodiac-signs/scorpio,247,158
242,/us/horoscope/index-daily-work.aspx,502,Bad Gateway,Tarot Index Page - Thread Group 1-9,false,153,9,9,https://dev.astrology.com/us/horoscope/index-daily-work.aspx,242,157
269,/img/icons/icon-tarot-yes-no.svg,502,Bad Gateway,Tarot Index Page - Thread Group 1-6,false,150,10,10,https://dev.astrology.com/img/icons/icon-tarot-yes-no.svg,269,164
238,/img/icons/icon-tarot-yin-yang.svg,502,Bad Gateway,Tarot Index Page - Thread Group 1-1,false,152,10,10,https://dev.astrology.com/img/icons/icon-tarot-yin-yang.svg,237,150
244,/zodiac-signs/libra,502,Bad Gateway,Tarot Index Page - Thread Group 1-4,false,137,10,10,https://dev.astrology.com/zodiac-signs/libra,244,158
253,/compatibility/chinese-signs/love.html,502,Bad Gateway,Tarot Index Page - Thread Group 1-2,false,156,10,10,https://dev.astrology.com/compatibility/chinese-signs/love.html,253,161
280,/tarot/daily-career.html,502,Bad Gateway,Tarot Index Page - Thread Group 1-5,false,142,10,10,https://dev.astrology.com/tarot/daily-career.html,280,198
241,/zodiac-signs/capricorn,502,Bad Gateway,Tarot Index Page - Thread Group 1-8,false,141,10,10,https://dev.astrology.com/zodiac-signs/capricorn,241,153
247,/tarot/card-meanings/the-magician,502,Bad Gateway,Tarot Index Page - Thread Group 1-7,false,151,10,10,https://dev.astrology.com/tarot/card-meanings/the-magician,247,154
251,/us/do-not-sell-my-info.aspx,502,Bad Gateway,Tarot Index Page - Thread Group 1-3,false,146,10,10,https://dev.astrology.com/us/do-not-sell-my-info.aspx,251,157
253,/us/advertising-inquiry.aspx,502,Bad Gateway,Tarot Index Page - Thread Group 1-9,false,146,10,10,https://dev.astrology.com/us/advertising-inquiry.aspx,253,157
260,/tarot/card-meanings/the-high-priestess,502,Bad Gateway,Tarot Index Page - Thread Group 1-10,false,157,10,10,https://dev.astrology.com/tarot/card-meanings/the-high-priestess,260,166
251,/aspects-and-transits,502,Bad Gateway,Tarot Index Page - Thread Group 1-6,false,139,10,10,https://dev.astrology.com/aspects-and-transits,251,166
245,/on-the-cusp,502,Bad Gateway,Tarot Index Page - Thread Group 1-1,false,130,10,10,https://dev.astrology.com/on-the-cusp,245,153
260,/birth-chart/?utm_source=direct&utm_medium=acquisition&utm_campaign=site-footer,502,Bad Gateway,Tarot Index Page - Thread Group 1-2,false,197,10,10,https://dev.astrology.com/birth-chart/?utm_source=direct&utm_medium=acquisition&utm_campaign=site-footer,259,164
351,/zodiac-signs/cancer,502,Bad Gateway,Tarot Index Page - Thread Group 1-4,false,138,10,10,https://dev.astrology.com/zodiac-signs/cancer,351,152
264,/us/home.aspx,502,Bad Gateway,Tarot Index Page - Thread Group 1-5,false,131,10,10,https://dev.astrology.com/us/home.aspx,264,160
239,/horoscope/daily-dating/libra.html,502,Bad Gateway,Tarot Index Page - Thread Group 1-3,false,152,10,10,https://dev.astrology.com/horoscope/daily-dating/libra.html,239,155
244,/horoscope/weekly-work/virgo.html,502,Bad Gateway,Tarot Index Page - Thread Group 1-7,false,151,10,10,https://dev.astrology.com/horoscope/weekly-work/virgo.html,244,155
235,/horoscope/weekly-work/leo.html,502,Bad Gateway,Tarot Index Page - Thread Group 1-9,false,149,10,10,https://dev.astrology.com/horoscope/weekly-work/leo.html,235,149
261,/horoscope/daily-love/aries.html,502,Bad Gateway,Tarot Index Page - Thread Group 1-8,false,150,10,10,https://dev.astrology.com/horoscope/daily-love/aries.html,261,158
266,/horoscope/yearly-work/pisces.html,502,Bad Gateway,Tarot Index Page - Thread Group 1-10,false,152,11,11,https://dev.astrology.com/horoscope/yearly-work/pisces.html,266,160
242,/houses/fourth-house,502,Bad Gateway,Tarot Index Page - Thread Group 1-1,false,138,11,11,https://dev.astrology.com/houses/fourth-house,241,152
274,/horoscope/daily-dating/gemini.html,502,Bad Gateway,Tarot Index Page - Thread Group 1-2,false,153,11,11,https://dev.astrology.com/horoscope/daily-dating/gemini.html,274,165
363,/us/horoscope/index-yearly-work.aspx,502,Bad Gateway,Tarot Index Page - Thread Group 1-6,false,154,11,11,https://dev.astrology.com/us/horoscope/index-yearly-work.aspx,363,155
227,/tarot/card-meanings/nine-of-swords,502,Bad Gateway,Tarot Index Page - Thread Group 1-5,false,153,11,11,https://dev.astrology.com/tarot/card-meanings/nine-of-swords,227,150
245,/horoscope/weekly-work/gemini.html,502,Bad Gateway,Tarot Index Page - Thread Group 1-3,false,152,11,11,https://dev.astrology.com/horoscope/weekly-work/gemini.html,245,157
248,/wp-content/uploads/sites/9/2022/12/Screen-Shot-2022-12-22-at-2.38.18-PM-300x208.jpg,502,Bad Gateway,Tarot Index Page - Thread Group 1-7,false,202,11,11,https://dev.astrology.com/wp-content/uploads/sites/9/2022/12/Screen-Shot-2022-12-22-at-2.38.18-PM-300x208.jpg,248,153
240,/virgo-man.html,502,Bad Gateway,Tarot Index Page - Thread Group 1-8,false,133,11,11,https://dev.astrology.com/virgo-man.html,239,155
314,http://www.astrology.com/images-US/tarot/major-arcana/empress.svg,200,OK,Tarot Index Page - Thread Group 1-4,true,159,11,11,https://www.astrology.com/images-US/tarot/major-arcana/empress.svg,309,210
253,/tarot/card-meanings/strength,502,Bad Gateway,Tarot Index Page - Thread Group 1-9,false,147,11,11,https://dev.astrology.com/tarot/card-meanings/strength,253,163
261,/astrology-101/planets/venus,502,Bad Gateway,Tarot Index Page - Thread Group 1-11,false,146,11,11,https://dev.astrology.com/astrology-101/planets/venus,260,171
255,/horoscope/yearly-work/sagittarius.html,502,Bad Gateway,Tarot Index Page - Thread Group 1-10,false,157,11,11,https://dev.astrology.com/horoscope/yearly-work/sagittarius.html,255,158
256,/houses/sixth-house,502,Bad Gateway,Tarot Index Page - Thread Group 1-1,false,137,11,11,https://dev.astrology.com/houses/sixth-house,256,159
244,/img/houses/thumbnail-seventh-house.jpg,502,Bad Gateway,Tarot Index Page - Thread Group 1-6,false,157,11,11,https://dev.astrology.com/img/houses/thumbnail-seventh-house.jpg,244,152
250,/img/icons/icon-101-planets-in-retrograde.svg,502,Bad Gateway,Tarot Index Page - Thread Group 1-5,false,163,11,11,https://dev.astrology.com/img/icons/icon-101-planets-in-retrograde.svg,250,156
240,/tarot/card-meanings/wheel-of-fortune,502,Bad Gateway,Tarot Index Page - Thread Group 1-7,false,155,11,11,https://dev.astrology.com/tarot/card-meanings/wheel-of-fortune,240,160
253,/img/icons/icon-101-planets.svg,502,Bad Gateway,Tarot Index Page - Thread Group 1-3,false,149,11,11,https://dev.astrology.com/img/icons/icon-101-planets.svg,253,163
244,/us/horoscope/index-monthly-love.aspx,502,Bad Gateway,Tarot Index Page - Thread Group 1-8,false,155,11,11,https://dev.astrology.com/us/horoscope/index-monthly-love.aspx,244,159
250,/horoscope/daily-work/taurus.html,502,Bad Gateway,Tarot Index Page - Thread Group 1-4,false,151,11,11,https://dev.astrology.com/horoscope/daily-work/taurus.html,250,156
371,/horoscope/weekly-dating/leo.html,502,Bad Gateway,Tarot Index Page - Thread Group 1-2,false,151,11,11,https://dev.astrology.com/horoscope/weekly-dating/leo.html,370,159
254,/us/horoscope/yearly-overview-2023.aspx?sign=pisces,502,Bad Gateway,Tarot Index Page - Thread Group 1-9,false,169,11,11,https://dev.astrology.com/us/horoscope/yearly-overview-2023.aspx?sign=pisces,254,160
236,/astrology-101/planets/neptune,502,Bad Gateway,Tarot Index Page - Thread Group 1-11,false,148,12,12,https://dev.astrology.com/astrology-101/planets/neptune,236,153
247,/scorpio-man.html,502,Bad Gateway,Tarot Index Page - Thread Group 1-10,false,135,12,12,https://dev.astrology.com/scorpio-man.html,247,159
353,/houses/eighth-house,502,Bad Gateway,Tarot Index Page - Thread Group 1-1,false,138,12,12,https://dev.astrology.com/houses/eighth-house,352,154
252,/horoscope/weekly-overview/gemini.html,502,Bad Gateway,Tarot Index Page - Thread Group 1-6,false,156,12,12,https://dev.astrology.com/horoscope/weekly-overview/gemini.html,252,162
251,/tarot/card-meanings/queen-of-swords,502,Bad Gateway,Tarot Index Page - Thread Group 1-5,false,154,12,12,https://dev.astrology.com/tarot/card-meanings/queen-of-swords,250,157
236,/libra-man.html,502,Bad Gateway,Tarot Index Page - Thread Group 1-8,false,133,12,12,https://dev.astrology.com/libra-man.html,236,151
245,/horoscope/daily-work/libra.html,502,Bad Gateway,Tarot Index Page - Thread Group 1-3,false,150,12,12,https://dev.astrology.com/horoscope/daily-work/libra.html,245,159
244,/img/tarot/major-arcana/justice.svg,502,Bad Gateway,Tarot Index Page - Thread Group 1-4,false,153,12,12,https://dev.astrology.com/img/tarot/major-arcana/justice.svg,243,158
245,/astrology-101/qualities/mutable,502,Bad Gateway,Tarot Index Page - Thread Group 1-2,false,150,12,12,https://dev.astrology.com/astrology-101/qualities/mutable,244,156
240,/horoscope/yearly-love/libra.html,502,Bad Gateway,Tarot Index Page - Thread Group 1-9,false,151,12,12,https://dev.astrology.com/horoscope/yearly-love/libra.html,240,158
237,/img/tarot/major-arcana/death.svg,200,OK,Tarot Index Page - Thread Group 1-11,true,151,12,12,https://dev.astrology.com/img/tarot/major-arcana/death.svg,235,152
244,/article/january-2023-astrology-forecast/,502,Bad Gateway,Tarot Index Page - Thread Group 1-12,false,159,12,12,https://dev.astrology.com/article/january-2023-astrology-forecast/,243,148
237,/horoscope/yearly-love/pisces.html,502,Bad Gateway,Tarot Index Page - Thread Group 1-10,false,152,12,12,https://dev.astrology.com/horoscope/yearly-love/pisces.html,237,155
365,/horoscope/weekly-overview/aries.html,502,Bad Gateway,Tarot Index Page - Thread Group 1-7,false,155,12,12,https://dev.astrology.com/horoscope/weekly-overview/aries.html,365,161
252,/tarot/card-meanings/four-of-swords,502,Bad Gateway,Tarot Index Page - Thread Group 1-1,false,153,12,12,https://dev.astrology.com/tarot/card-meanings/four-of-swords,251,161
252,/psychic-readings/empath,502,Bad Gateway,Tarot Index Page - Thread Group 1-6,false,142,12,12,https://dev.astrology.com/psychic-readings/empath,252,161
235,/img/houses/thumbnail-fifth-house.jpg,502,Bad Gateway,Tarot Index Page - Thread Group 1-5,false,155,12,12,https://dev.astrology.com/img/houses/thumbnail-fifth-house.jpg,234,152
232,/pisces-woman.html,502,Bad Gateway,Tarot Index Page - Thread Group 1-3,false,136,12,12,https://dev.astrology.com/pisces-woman.html,232,150
258,/img/icons/icon-101-elements.svg,200,OK,Tarot Index Page - Thread Group 1-8,true,150,12,12,https://dev.astrology.com/img/icons/icon-101-elements.svg,258,164
248,/img/tarot/major-arcana/lovers.svg,200,OK,Tarot Index Page - Thread Group 1-4,true,152,12,12,https://dev.astrology.com/img/tarot/major-arcana/lovers.svg,240,157
241,/horoscope/daily-work/sagittarius.html,502,Bad Gateway,Tarot Index Page - Thread Group 1-2,false,156,12,12,https://dev.astrology.com/horoscope/daily-work/sagittarius.html,241,159
242,/tarot/card-meanings/death,502,Bad Gateway,Tarot Index Page - Thread Group 1-11,false,144,12,12,https://dev.astrology.com/tarot/card-meanings/death,242,158
243,/us/horoscope/yearly-overview-2023.aspx?sign=scorpio,502,Bad Gateway,Tarot Index Page - Thread Group 1-12,false,170,12,12,https://dev.astrology.com/us/horoscope/yearly-overview-2023.aspx?sign=scorpio,242,153
264,/horoscope/yearly-love/aquarius.html,502,Bad Gateway,Tarot Index Page - Thread Group 1-9,false,154,12,12,https://dev.astrology.com/horoscope/yearly-love/aquarius.html,263,169
249,/horoscope/daily-dating/pisces.html,502,Bad Gateway,Tarot Index Page - Thread Group 1-10,false,153,13,13,https://dev.astrology.com/horoscope/daily-dating/pisces.html,249,158
249,/psychic-readings/psychic-abilities,502,Bad Gateway,Tarot Index Page - Thread Group 1-7,false,153,13,13,https://dev.astrology.com/psychic-readings/psychic-abilities,249,159
233,/aquarius-woman.html,502,Bad Gateway,Tarot Index Page - Thread Group 1-6,false,138,13,13,https://dev.astrology.com/aquarius-woman.html,232,151
245,/horoscope/daily-dating/aquarius.html,502,Bad Gateway,Tarot Index Page - Thread Group 1-5,false,155,13,13,https://dev.astrology.com/horoscope/daily-dating/aquarius.html,244,156
262,/us/horoscope/index-yearly-love.aspx,502,Bad Gateway,Tarot Index Page - Thread Group 1-1,false,154,13,13,https://dev.astrology.com/us/horoscope/index-yearly-love.aspx,262,159
239,/us/horoscope/index-weekly-dating.aspx,502,Bad Gateway,Tarot Index Page - Thread Group 1-3,false,156,13,13,https://dev.astrology.com/us/horoscope/index-weekly-dating.aspx,239,157
237,/tarot/card-meanings/the-hierophant,502,Bad Gateway,Tarot Index Page - Thread Group 1-4,false,153,13,13,https://dev.astrology.com/tarot/card-meanings/the-hierophant,237,150
242,/horoscope/weekly-overview/leo.html,502,Bad Gateway,Tarot Index Page - Thread Group 1-2,false,153,13,13,https://dev.astrology.com/horoscope/weekly-overview/leo.html,242,160
251,http://www.astrology.com/images-US/tarot/major-arcana/fool.svg,200,OK,Tarot Index Page - Thread Group 1-8,true,156,13,13,https://www.astrology.com/images-US/tarot/major-arcana/fool.svg,250,157
245,/horoscope/weekly-dating/pisces.html,502,Bad Gateway,Tarot Index Page - Thread Group 1-11,false,154,13,13,https://dev.astrology.com/horoscope/weekly-dating/pisces.html,245,157
251,/article/financial-astrology-jan-3/,502,Bad Gateway,Tarot Index Page - Thread Group 1-12,false,153,13,13,https://dev.astrology.com/article/financial-astrology-jan-3/,250,159
244,/psychic-readings/near-me,502,Bad Gateway,Tarot Index Page - Thread Group 1-13,false,143,13,13,https://dev.astrology.com/psychic-readings/near-me,244,148
254,/tarot/card-meanings/the-star,502,Bad Gateway,Tarot Index Page - Thread Group 1-9,false,147,13,13,https://dev.astrology.com/tarot/card-meanings/the-star,254,155
236,/horoscope/daily-love/capricorn.html,502,Bad Gateway,Tarot Index Page - Thread Group 1-10,false,154,13,13,https://dev.astrology.com/horoscope/daily-love/capricorn.html,236,152
252,/img/icons/icon-arrow-up.svg,502,Bad Gateway,Tarot Index Page - Thread Group 1-7,false,146,13,13,https://dev.astrology.com/img/icons/icon-arrow-up.svg,252,160
255,/astrology-101/planets/jupiter,502,Bad Gateway,Tarot Index Page - Thread Group 1-6,false,148,13,13,https://dev.astrology.com/astrology-101/planets/jupiter,255,159
243,/horoscope/weekly-work/aquarius.html,502,Bad Gateway,Tarot Index Page - Thread Group 1-5,false,154,13,13,https://dev.astrology.com/horoscope/weekly-work/aquarius.html,243,160
232,/tarot/card-meanings/king-of-swords,502,Bad Gateway,Tarot Index Page - Thread Group 1-1,false,153,13,13,https://dev.astrology.com/tarot/card-meanings/king-of-swords,232,152
236,/us/horoscope/index-weekly-love.aspx,502,Bad Gateway,Tarot Index Page - Thread Group 1-3,false,154,13,13,https://dev.astrology.com/us/horoscope/index-weekly-love.aspx,236,158
239,/horoscope/yearly-love/capricorn.html,502,Bad Gateway,Tarot Index Page - Thread Group 1-8,false,155,13,13,https://dev.astrology.com/horoscope/yearly-love/capricorn.html,238,157
249,/horoscope/weekly-work/sagittarius.html,502,Bad Gateway,Tarot Index Page - Thread Group 1-4,false,157,13,13,https://dev.astrology.com/horoscope/weekly-work/sagittarius.html,249,150
247,/horoscope/daily-work/scorpio.html,502,Bad Gateway,Tarot Index Page - Thread Group 1-2,false,152,13,13,https://dev.astrology.com/horoscope/daily-work/scorpio.html,247,171
239,/img/icons/icon-arcana-love.svg,200,OK,Tarot Index Page - Thread Group 1-11,true,149,13,13,https://dev.astrology.com/img/icons/icon-arcana-love.svg,239,156
247,/img/tarot/banner-how-to-read-tarot-568w.png,502,Bad Gateway,Tarot Index Page - Thread Group 1-12,false,162,13,13,https://dev.astrology.com/img/tarot/banner-how-to-read-tarot-568w.png,247,156
249,/horoscope/weekly-overview/libra.html,502,Bad Gateway,Tarot Index Page - Thread Group 1-9,false,155,14,14,https://dev.astrology.com/horoscope/weekly-overview/libra.html,249,160
263,/horoscope/yearly-love/aries.html,502,Bad Gateway,Tarot Index Page - Thread Group 1-13,false,151,14,14,https://dev.astrology.com/horoscope/yearly-love/aries.html,263,153
235,/aries-man.html,502,Bad Gateway,Tarot Index Page - Thread Group 1-7,false,133,14,14,https://dev.astrology.com/aries-man.html,235,154
370,/img/tarot/major-arcana/tower.svg,200,OK,Tarot Index Page - Thread Group 1-10,true,151,14,14,https://dev.astrology.com/img/tarot/major-arcana/tower.svg,367,151
241,/tarot/card-meanings/the-world,502,Bad Gateway,Tarot Index Page - Thread Group 1-6,false,148,14,14,https://dev.astrology.com/tarot/card-meanings/the-world,240,156
242,/wp-content/uploads/sites/9/2020/04/aquarius-characteristics-300x167.jpeg,502,Bad Gateway,Tarot Index Page - Thread Group 1-1,false,191,14,14,https://dev.astrology.com/wp-content/uploads/sites/9/2020/04/aquarius-characteristics-300x167.jpeg,242,150
254,/us/horoscope/index-weekly-work.aspx,502,Bad Gateway,Tarot Index Page - Thread Group 1-5,false,154,14,14,https://dev.astrology.com/us/horoscope/index-weekly-work.aspx,254,160
246,/horoscope/yearly-work/gemini.html,502,Bad Gateway,Tarot Index Page - Thread Group 1-3,false,152,14,14,https://dev.astrology.com/horoscope/yearly-work/gemini.html,246,155
243,/img/icons/icon-101-houses.svg,200,OK,Tarot Index Page - Thread Group 1-4,true,148,14,14,https://dev.astrology.com/img/icons/icon-101-houses.svg,243,156
238,/img/tarot/major-arcana/hermit.svg,502,Bad Gateway,Tarot Index Page - Thread Group 1-2,false,152,14,14,https://dev.astrology.com/img/tarot/major-arcana/hermit.svg,238,148
247,/img/houses/thumbnail-ninth-house.jpg,502,Bad Gateway,Tarot Index Page - Thread Group 1-8,false,155,14,14,https://dev.astrology.com/img/houses/thumbnail-ninth-house.jpg,247,160
242,/horoscope/daily-dating/sagittarius.html,502,Bad Gateway,Tarot Index Page - Thread Group 1-12,false,158,14,14,https://dev.astrology.com/horoscope/daily-dating/sagittarius.html,242,155
238,/tarot/card-meanings/two-of-swords,502,Bad Gateway,Tarot Index Page - Thread Group 1-13,false,152,14,14,https://dev.astrology.com/tarot/card-meanings/two-of-swords,238,149
250,/horoscope/weekly-love/virgo.html,502,Bad Gateway,Tarot Index Page - Thread Group 1-9,false,151,14,14,https://dev.astrology.com/horoscope/weekly-love/virgo.html,250,155
255,/horoscope/weekly-dating/capricorn.html,502,Bad Gateway,Tarot Index Page - Thread Group 1-14,false,157,14,14,https://dev.astrology.com/horoscope/weekly-dating/capricorn.html,255,166
245,/tarot/card-meanings/ten-of-cups,502,Bad Gateway,Tarot Index Page - Thread Group 1-7,false,150,14,14,https://dev.astrology.com/tarot/card-meanings/ten-of-cups,245,149
349,/us/horoscope/yearly-overview-2023.aspx?sign=capricorn,502,Bad Gateway,Tarot Index Page - Thread Group 1-11,false,172,14,14,https://dev.astrology.com/us/horoscope/yearly-overview-2023.aspx?sign=capricorn,349,148
232,/horoscope/weekly-love/scorpio.html,502,Bad Gateway,Tarot Index Page - Thread Group 1-10,false,153,14,14,https://dev.astrology.com/horoscope/weekly-love/scorpio.html,232,150
243,/horoscope/yearly-love/virgo.html,502,Bad Gateway,Tarot Index Page - Thread Group 1-1,false,151,14,14,https://dev.astrology.com/horoscope/yearly-love/virgo.html,242,160
247,/article/sports-predictions-january-2/,502,Bad Gateway,Tarot Index Page - Thread Group 1-6,false,156,14,14,https://dev.astrology.com/article/sports-predictions-january-2/,247,151
248,/tarot/card-meanings/judgement,502,Bad Gateway,Tarot Index Page - Thread Group 1-5,false,148,14,14,https://dev.astrology.com/tarot/card-meanings/judgement,248,157
242,/horoscope/yearly-love/cancer.html,502,Bad Gateway,Tarot Index Page - Thread Group 1-3,false,152,14,14,https://dev.astrology.com/horoscope/yearly-love/cancer.html,242,154
237,/horoscope/daily-work/gemini.html,502,Bad Gateway,Tarot Index Page - Thread Group 1-8,false,151,14,14,https://dev.astrology.com/horoscope/daily-work/gemini.html,237,158
245,/horoscope/yearly-work/cancer.html,502,Bad Gateway,Tarot Index Page - Thread Group 1-2,false,152,14,14,https://dev.astrology.com/horoscope/yearly-work/cancer.html,245,163
237,/tarot/card-meanings/the-moon,502,Bad Gateway,Tarot Index Page - Thread Group 1-12,false,147,14,14,https://dev.astrology.com/tarot/card-meanings/the-moon,236,150
230,/horoscope/weekly-dating/libra.html,502,Bad Gateway,Tarot Index Page - Thread Group 1-14,false,153,14,14,https://dev.astrology.com/horoscope/weekly-dating/libra.html,229,151
255,/horoscope/weekly-love/gemini.html,502,Bad Gateway,Tarot Index Page - Thread Group 1-9,false,152,15,15,https://dev.astrology.com/horoscope/weekly-love/gemini.html,254,164
257,/horoscope/weekly-overview/taurus.html,502,Bad Gateway,Tarot Index Page - Thread Group 1-13,false,156,15,15,https://dev.astrology.com/horoscope/weekly-overview/taurus.html,257,173
241,/horoscope/daily-love/gemini.html,502,Bad Gateway,Tarot Index Page - Thread Group 1-7,false,151,15,15,https://dev.astrology.com/horoscope/daily-love/gemini.html,240,156
233,/wp-content/uploads/sites/9/2022/06/articlecategories_sports-26-300x149.png,502,Bad Gateway,Tarot Index Page - Thread Group 1-11,false,193,15,15,https://dev.astrology.com/wp-content/uploads/sites/9/2022/06/articlecategories_sports-26-300x149.png,233,151
359,/us/horoscope/yearly-overview-2023.aspx?sign=virgo,502,Bad Gateway,Tarot Index Page - Thread Group 1-4,false,168,15,15,https://dev.astrology.com/us/horoscope/yearly-overview-2023.aspx?sign=virgo,359,158
238,/horoscope/daily/pisces.html,502,Bad Gateway,Tarot Index Page - Thread Group 1-10,false,146,15,15,https://dev.astrology.com/horoscope/daily/pisces.html,237,161
233,/horoscope/daily-love/cancer.html,502,Bad Gateway,Tarot Index Page - Thread Group 1-6,false,151,15,15,https://dev.astrology.com/horoscope/daily-love/cancer.html,233,149
229,/horoscope/daily-work/cancer.html,502,Bad Gateway,Tarot Index Page - Thread Group 1-5,false,151,15,15,https://dev.astrology.com/horoscope/daily-work/cancer.html,229,148
254,/horoscope/weekly-love/cancer.html,502,Bad Gateway,Tarot Index Page - Thread Group 1-1,false,152,15,15,https://dev.astrology.com/horoscope/weekly-love/cancer.html,254,159
236,/aquarius-man.html,502,Bad Gateway,Tarot Index Page - Thread Group 1-3,false,136,15,15,https://dev.astrology.com/aquarius-man.html,236,155
234,/horoscope/yearly-work/leo.html,502,Bad Gateway,Tarot Index Page - Thread Group 1-2,false,149,15,15,https://dev.astrology.com/horoscope/yearly-work/leo.html,234,153
233,/horoscope/weekly-love/aries.html,502,Bad Gateway,Tarot Index Page - Thread Group 1-12,false,151,15,15,https://dev.astrology.com/horoscope/weekly-love/aries.html,233,154
268,/houses/second-house,502,Bad Gateway,Tarot Index Page - Thread Group 1-8,false,138,15,15,https://dev.astrology.com/houses/second-house,267,158
234,/us/horoscope/yearly-overview-2023.aspx?sign=cancer,502,Bad Gateway,Tarot Index Page - Thread Group 1-15,false,169,15,15,https://dev.astrology.com/us/horoscope/yearly-overview-2023.aspx?sign=cancer,234,154
253,/tarot/card-meanings/the-sun,502,Bad Gateway,Tarot Index Page - Thread Group 1-9,false,146,15,15,https://dev.astrology.com/tarot/card-meanings/the-sun,252,153
265,/horoscope/weekly-dating/aquarius.html,502,Bad Gateway,Tarot Index Page - Thread Group 1-13,false,156,15,15,https://dev.astrology.com/horoscope/weekly-dating/aquarius.html,265,160
233,/leo-man.html,502,Bad Gateway,Tarot Index Page - Thread Group 1-7,false,131,15,15,https://dev.astrology.com/leo-man.html,233,151
229,/psychic-readings/psychic-meaning,502,Bad Gateway,Tarot Index Page - Thread Group 1-11,false,151,15,15,https://dev.astrology.com/psychic-readings/psychic-meaning,229,146
240,/psychic-readings/love-readings,502,Bad Gateway,Tarot Index Page - Thread Group 1-4,false,149,15,15,https://dev.astrology.com/psychic-readings/love-readings,239,156
235,/horoscope/daily-love/aquarius.html,502,Bad Gateway,Tarot Index Page - Thread Group 1-10,false,153,15,15,https://dev.astrology.com/horoscope/daily-love/aquarius.html,234,154
360,/img/houses/thumbnail-fourth-house.jpg,200,OK,Tarot Index Page - Thread Group 1-14,true,156,15,15,https://dev.astrology.com/img/houses/thumbnail-fourth-house.jpg,358,153
250,/tarot/card-meanings/three-of-swords,502,Bad Gateway,Tarot Index Page - Thread Group 1-6,false,154,15,15,https://dev.astrology.com/tarot/card-meanings/three-of-swords,250,155
241,/horoscope/weekly-dating/cancer.html,502,Bad Gateway,Tarot Index Page - Thread Group 1-5,false,154,15,15,https://dev.astrology.com/horoscope/weekly-dating/cancer.html,240,154
244,/horoscope/yearly-love/gemini.html,502,Bad Gateway,Tarot Index Page - Thread Group 1-1,false,152,15,15,https://dev.astrology.com/horoscope/yearly-love/gemini.html,244,152
253,/img/tarot/major-arcana/star.svg,502,Bad Gateway,Tarot Index Page - Thread Group 1-2,false,150,15,15,https://dev.astrology.com/img/tarot/major-arcana/star.svg,253,161
241,/newsletters.html,502,Bad Gateway,Tarot Index Page - Thread Group 1-12,false,135,15,15,https://dev.astrology.com/newsletters.html,241,161
239,/horoscope/yearly-work/capricorn.html,502,Bad Gateway,Tarot Index Page - Thread Group 1-8,false,155,15,15,https://dev.astrology.com/horoscope/yearly-work/capricorn.html,239,157
243,/horoscope/yearly-work/virgo.html,502,Bad Gateway,Tarot Index Page - Thread Group 1-15,false,151,15,15,https://dev.astrology.com/horoscope/yearly-work/virgo.html,243,151
228,/modalities/mutable,502,Bad Gateway,Tarot Index Page - Thread Group 1-11,false,137,16,16,https://dev.astrology.com/modalities/mutable,228,149
252,/wp-content/uploads/sites/9/2020/05/remodifiedarticleimages_pisces.png,502,Bad Gateway,Tarot Index Page - Thread Group 1-9,false,188,16,16,https://dev.astrology.com/wp-content/uploads/sites/9/2020/05/remodifiedarticleimages_pisces.png,252,158
367,/houses/first-house,502,Bad Gateway,Tarot Index Page - Thread Group 1-3,false,137,16,16,https://dev.astrology.com/houses/first-house,367,152
251,/us/horoscope/yearly-overview-2023.aspx?sign=libra,502,Bad Gateway,Tarot Index Page - Thread Group 1-13,false,168,16,16,https://dev.astrology.com/us/horoscope/yearly-overview-2023.aspx?sign=libra,251,165
240,/tarot/card-meanings/the-hanged-man,502,Bad Gateway,Tarot Index Page - Thread Group 1-4,false,153,16,16,https://dev.astrology.com/tarot/card-meanings/the-hanged-man,240,154
258,/horoscope/weekly-dating/gemini.html,502,Bad Gateway,Tarot Index Page - Thread Group 1-10,false,154,16,16,https://dev.astrology.com/horoscope/weekly-dating/gemini.html,258,161
247,/wp-content/uploads/sites/9/2020/05/pisces-zodiac-sign-300x167.jpeg,502,Bad Gateway,Tarot Index Page - Thread Group 1-14,false,185,16,16,https://dev.astrology.com/wp-content/uploads/sites/9/2020/05/pisces-zodiac-sign-300x167.jpeg,247,153
235,/astrology-101/houses/eleventh-house,502,Bad Gateway,Tarot Index Page - Thread Group 1-5,false,154,16,16,https://dev.astrology.com/astrology-101/houses/eleventh-house,235,149
245,/horoscope/weekly-love/capricorn.html,502,Bad Gateway,Tarot Index Page - Thread Group 1-6,false,155,16,16,https://dev.astrology.com/horoscope/weekly-love/capricorn.html,245,164
236,/horoscope/daily-dating/capricorn.html,502,Bad Gateway,Tarot Index Page - Thread Group 1-1,false,156,16,16,https://dev.astrology.com/horoscope/daily-dating/capricorn.html,236,152
352,/astrology-101/houses/twelfth-house,502,Bad Gateway,Tarot Index Page - Thread Group 1-7,false,153,16,16,https://dev.astrology.com/astrology-101/houses/twelfth-house,352,154
241,/horoscope/weekly-love/aquarius.html,502,Bad Gateway,Tarot Index Page - Thread Group 1-2,false,154,16,16,https://dev.astrology.com/horoscope/weekly-love/aquarius.html,241,157
249,/img/tarot/major-arcana/judgement.svg,502,Bad Gateway,Tarot Index Page - Thread Group 1-12,false,155,16,16,https://dev.astrology.com/img/tarot/major-arcana/judgement.svg,249,156
244,/rising-sign-calculator/pisces,502,Bad Gateway,Tarot Index Page - Thread Group 1-8,false,148,16,16,https://dev.astrology.com/rising-sign-calculator/pisces,244,157
239,/astrology-101/elements/water,502,Bad Gateway,Tarot Index Page - Thread Group 1-15,false,147,16,16,https://dev.astrology.com/astrology-101/elements/water,238,155
238,/horoscope/daily-love/libra.html,502,Bad Gateway,Tarot Index Page - Thread Group 1-16,false,150,16,16,https://dev.astrology.com/horoscope/daily-love/libra.html,238,160
238,/planets/mars,502,Bad Gateway,Tarot Index Page - Thread Group 1-9,false,131,16,16,https://dev.astrology.com/planets/mars,238,153
242,/wp-content/uploads/sites/9/2020/04/aquarius-characteristics1.png,502,Bad Gateway,Tarot Index Page - Thread Group 1-13,false,183,16,16,https://dev.astrology.com/wp-content/uploads/sites/9/2020/04/aquarius-characteristics1.png,242,150
255,/img/modalities/thumbnail-cardinal.jpg,502,Bad Gateway,Tarot Index Page - Thread Group 1-3,false,156,16,16,https://dev.astrology.com/img/modalities/thumbnail-cardinal.jpg,255,165
232,/birth-chart/,502,Bad Gateway,Tarot Index Page - Thread Group 1-4,false,131,16,16,https://dev.astrology.com/birth-chart/,232,148
236,/astrology-101/planets/uranus,502,Bad Gateway,Tarot Index Page - Thread Group 1-10,false,147,16,16,https://dev.astrology.com/astrology-101/planets/uranus,236,152
240,/us/horoscope/index-monthly.aspx,502,Bad Gateway,Tarot Index Page - Thread Group 1-1,false,150,16,16,https://dev.astrology.com/us/horoscope/index-monthly.aspx,239,150
257,/img/tarot/major-arcana/world.svg,502,Bad Gateway,Tarot Index Page - Thread Group 1-14,false,151,16,16,https://dev.astrology.com/img/tarot/major-arcana/world.svg,257,154
264,/rising-sign-calculator/aquarius,502,Bad Gateway,Tarot Index Page - Thread Group 1-6,false,150,16,16,https://dev.astrology.com/rising-sign-calculator/aquarius,264,178
241,/horoscope/weekly-overview/aquarius.html,502,Bad Gateway,Tarot Index Page - Thread Group 1-7,false,158,16,16,https://dev.astrology.com/horoscope/weekly-overview/aquarius.html,241,154
361,/horoscope/yearly-work/aries.html,502,Bad Gateway,Tarot Index Page - Thread Group 1-11,false,151,16,16,https://dev.astrology.com/horoscope/yearly-work/aries.html,360,158
236,/us/horoscope/index-yearly-chinese-2023.aspx,502,Bad Gateway,Tarot Index Page - Thread Group 1-2,false,162,16,16,https://dev.astrology.com/us/horoscope/index-yearly-chinese-2023.aspx,235,151
241,/horoscope/yearly-love/scorpio.html,502,Bad Gateway,Tarot Index Page - Thread Group 1-12,false,153,16,16,https://dev.astrology.com/horoscope/yearly-love/scorpio.html,241,154
240,/planets/venus,502,Bad Gateway,Tarot Index Page - Thread Group 1-8,false,132,16,16,https://dev.astrology.com/planets/venus,239,156
354,/img/tarot/major-arcana/wheel-of-fortune.svg,502,Bad Gateway,Tarot Index Page - Thread Group 1-5,false,162,16,16,https://dev.astrology.com/img/tarot/major-arcana/wheel-of-fortune.svg,354,154
246,/horoscope/weekly-dating/taurus.html,502,Bad Gateway,Tarot Index Page - Thread Group 1-15,false,154,16,16,https://dev.astrology.com/horoscope/weekly-dating/taurus.html,246,156
236,/horoscope/weekly-work/scorpio.html,502,Bad Gateway,Tarot Index Page - Thread Group 1-16,false,153,16,16,https://dev.astrology.com/horoscope/weekly-work/scorpio.html,236,152
247,/img/tarot/major-arcana/strength.svg,502,Bad Gateway,Tarot Index Page - Thread Group 1-9,false,154,16,16,https://dev.astrology.com/img/tarot/major-arcana/strength.svg,246,152
245,/us/horoscope/index-weekly.aspx,502,Bad Gateway,Tarot Index Page - Thread Group 1-13,false,149,17,17,https://dev.astrology.com/us/horoscope/index-weekly.aspx,245,160
244,/tarot/card-meanings/the-devil,502,Bad Gateway,Tarot Index Page - Thread Group 1-3,false,148,17,17,https://dev.astrology.com/tarot/card-meanings/the-devil,244,153
247,/article/astrology-authors/sarah-potter,502,Bad Gateway,Tarot Index Page - Thread Group 1-4,false,157,17,17,https://dev.astrology.com/article/astrology-authors/sarah-potter,247,159
248,/wp-content/uploads/sites/9/2021/12/your-tarot-reading-new-year-scaled.jpeg,502,Bad Gateway,Tarot Index Page - Thread Group 1-10,false,193,17,17,https://dev.astrology.com/wp-content/uploads/sites/9/2021/12/your-tarot-reading-new-year-scaled.jpeg,248,161
244,/horoscope/daily-love/pisces.html,502,Bad Gateway,Tarot Index Page - Thread Group 1-1,false,151,17,17,https://dev.astrology.com/horoscope/daily-love/pisces.html,243,150
244,/houses/twelfth-house,502,Bad Gateway,Tarot Index Page - Thread Group 1-14,false,139,17,17,https://dev.astrology.com/houses/twelfth-house,244,153
232,/tarot/card-meanings/the-tower,502,Bad Gateway,Tarot Index Page - Thread Group 1-6,false,148,17,17,https://dev.astrology.com/tarot/card-meanings/the-tower,232,148
232,/horoscope/yearly-love/leo.html,502,Bad Gateway,Tarot Index Page - Thread Group 1-7,false,149,17,17,https://dev.astrology.com/horoscope/yearly-love/leo.html,232,150
243,/js/games.js?v=1600123116,502,Bad Gateway,Tarot Index Page - Thread Group 1-11,false,143,17,17,https://dev.astrology.com/js/games.js?v=1600123116,243,158
259,/horoscope/weekly-overview/capricorn.html,502,Bad Gateway,Tarot Index Page - Thread Group 1-2,false,159,17,17,https://dev.astrology.com/horoscope/weekly-overview/capricorn.html,259,166
248,/horoscope/yearly-work/taurus.html,502,Bad Gateway,Tarot Index Page - Thread Group 1-8,false,152,17,17,https://dev.astrology.com/horoscope/yearly-work/taurus.html,248,157
251,/img/icons/icon-arcana-reversed.svg,502,Bad Gateway,Tarot Index Page - Thread Group 1-12,false,153,17,17,https://dev.astrology.com/img/icons/icon-arcana-reversed.svg,250,159
245,/planets/moon,502,Bad Gateway,Tarot Index Page - Thread Group 1-5,false,131,17,17,https://dev.astrology.com/planets/moon,245,155
235,/horoscope/weekly-dating/aries.html,502,Bad Gateway,Tarot Index Page - Thread Group 1-15,false,153,17,17,https://dev.astrology.com/horoscope/weekly-dating/aries.html,235,156
242,/wp-content/uploads/sites/9/2020/05/pisces-characteristics-300x167.jpeg,502,Bad Gateway,Tarot Index Page - Thread Group 1-16,false,189,17,17,https://dev.astrology.com/wp-content/uploads/sites/9/2020/05/pisces-characteristics-300x167.jpeg,242,159
239,/horoscope/weekly-work/aries.html,502,Bad Gateway,Tarot Index Page - Thread Group 1-9,false,151,17,17,https://dev.astrology.com/horoscope/weekly-work/aries.html,239,156
240,/horoscope/daily-dating/taurus.html,502,Bad Gateway,Tarot Index Page - Thread Group 1-17,false,153,17,17,https://dev.astrology.com/horoscope/daily-dating/taurus.html,240,153
234,/horoscope/weekly-work/taurus.html,502,Bad Gateway,Tarot Index Page - Thread Group 1-3,false,152,17,17,https://dev.astrology.com/horoscope/weekly-work/taurus.html,233,153
230,/us/horoscope/index-weekly-chinese.aspx,502,Bad Gateway,Tarot Index Page - Thread Group 1-4,false,157,17,17,https://dev.astrology.com/us/horoscope/index-weekly-chinese.aspx,230,149
247,/horoscope/weekly-work/libra.html,502,Bad Gateway,Tarot Index Page - Thread Group 1-13,false,151,17,17,https://dev.astrology.com/horoscope/weekly-work/libra.html,246,155
242,/horoscope/weekly-work/cancer.html,502,Bad Gateway,Tarot Index Page - Thread Group 1-10,false,152,17,17,https://dev.astrology.com/horoscope/weekly-work/cancer.html,242,156
236,/horoscope/weekly-love/taurus.html,502,Bad Gateway,Tarot Index Page - Thread Group 1-1,false,152,17,17,https://dev.astrology.com/horoscope/weekly-love/taurus.html,236,152
245,/astrology-101/elements/earth,502,Bad Gateway,Tarot Index Page - Thread Group 1-14,false,147,17,17,https://dev.astrology.com/astrology-101/elements/earth,245,157
240,/article/astrology-authors/debbie-stapleton,502,Bad Gateway,Tarot Index Page - Thread Group 1-6,false,161,17,17,https://dev.astrology.com/article/astrology-authors/debbie-stapleton,239,152
243,/tarot/card-meanings/nine-of-cups,502,Bad Gateway,Tarot Index Page - Thread Group 1-7,false,151,17,17,https://dev.astrology.com/tarot/card-meanings/nine-of-cups,243,155
254,/articles/tarot,502,Bad Gateway,Tarot Index Page - Thread Group 1-11,false,133,17,17,https://dev.astrology.com/articles/tarot,254,152
243,/horoscope/daily-love/sagittarius.html,502,Bad Gateway,Tarot Index Page - Thread Group 1-2,false,156,17,17,https://dev.astrology.com/horoscope/daily-love/sagittarius.html,243,160
237,/horoscope/daily-dating/cancer.html,502,Bad Gateway,Tarot Index Page - Thread Group 1-12,false,153,17,17,https://dev.astrology.com/horoscope/daily-dating/cancer.html,237,152
239,/img/icons/icon-101-modalities.svg,502,Bad Gateway,Tarot Index Page - Thread Group 1-8,false,152,17,17,https://dev.astrology.com/img/icons/icon-101-modalities.svg,239,150
233,/horoscope/yearly-love/sagittarius.html,502,Bad Gateway,Tarot Index Page - Thread Group 1-15,false,157,17,17,https://dev.astrology.com/horoscope/yearly-love/sagittarius.html,233,154
248,/img/modalities/thumbnail-mutable.jpg,502,Bad Gateway,Tarot Index Page - Thread Group 1-5,false,155,17,17,https://dev.astrology.com/img/modalities/thumbnail-mutable.jpg,248,158
236,/astrology-101/planets/mars,502,Bad Gateway,Tarot Index Page - Thread Group 1-4,false,145,17,17,https://dev.astrology.com/astrology-101/planets/mars,236,158
233,/horoscope/daily-love/scorpio.html,502,Bad Gateway,Tarot Index Page - Thread Group 1-13,false,152,17,17,https://dev.astrology.com/horoscope/daily-love/scorpio.html,233,155
254,/tarot/card-meanings/five-of-swords,502,Bad Gateway,Tarot Index Page - Thread Group 1-9,false,153,17,17,https://dev.astrology.com/tarot/card-meanings/five-of-swords,254,161
252,/img/games/game-daily-karmic-number-1-v3.png,502,Bad Gateway,Tarot Index Page - Thread Group 1-17,false,162,17,17,https://dev.astrology.com/img/games/game-daily-karmic-number-1-v3.png,251,159
249,/cancer-man.html,502,Bad Gateway,Tarot Index Page - Thread Group 1-3,false,134,17,17,https://dev.astrology.com/cancer-man.html,249,157
240,/article/2023-astrology-predictions/,502,Bad Gateway,Tarot Index Page - Thread Group 1-10,false,154,18,18,https://dev.astrology.com/article/2023-astrology-predictions/,240,151
347,/horoscope/daily-love/leo.html,502,Bad Gateway,Tarot Index Page - Thread Group 1-16,false,148,18,18,https://dev.astrology.com/horoscope/daily-love/leo.html,347,147
247,/horoscope/weekly-work/capricorn.html,502,Bad Gateway,Tarot Index Page - Thread Group 1-1,false,155,18,18,https://dev.astrology.com/horoscope/weekly-work/capricorn.html,247,163
247,/pisces-man.html,502,Bad Gateway,Tarot Index Page - Thread Group 1-7,false,134,18,18,https://dev.astrology.com/pisces-man.html,247,156
261,/img/tarot/major-arcana/hanged-man.svg,200,OK,Tarot Index Page - Thread Group 1-14,true,156,18,18,https://dev.astrology.com/img/tarot/major-arcana/hanged-man.svg,258,163
239,/horoscope/daily-dating/leo.html,502,Bad Gateway,Tarot Index Page - Thread Group 1-11,false,150,18,18,https://dev.astrology.com/horoscope/daily-dating/leo.html,239,156
239,/gemini-man.html,502,Bad Gateway,Tarot Index Page - Thread Group 1-2,false,134,18,18,https://dev.astrology.com/gemini-man.html,239,151
245,/img/houses/thumbnail-tenth-house.jpg,502,Bad Gateway,Tarot Index Page - Thread Group 1-12,false,155,18,18,https://dev.astrology.com/img/houses/thumbnail-tenth-house.jpg,245,149
254,/horoscope/weekly-overview/cancer.html,502,Bad Gateway,Tarot Index Page - Thread Group 1-8,false,156,18,18,https://dev.astrology.com/horoscope/weekly-overview/cancer.html,254,162
249,/horoscope/daily-work/pisces.html,502,Bad Gateway,Tarot Index Page - Thread Group 1-15,false,151,18,18,https://dev.astrology.com/horoscope/daily-work/pisces.html,249,156
349,/tarot/card-meanings/the-lovers,502,Bad Gateway,Tarot Index Page - Thread Group 1-6,false,149,18,18,https://dev.astrology.com/tarot/card-meanings/the-lovers,349,152
236,/tarot/card-meanings/temperance,502,Bad Gateway,Tarot Index Page - Thread Group 1-4,false,149,18,18,https://dev.astrology.com/tarot/card-meanings/temperance,235,152
232,/img/houses/thumbnail-first-house.jpg,502,Bad Gateway,Tarot Index Page - Thread Group 1-17,false,155,18,18,https://dev.astrology.com/img/houses/thumbnail-first-house.jpg,232,148
246,/img/houses/thumbnail-sixth-house.jpg,502,Bad Gateway,Tarot Index Page - Thread Group 1-9,false,155,18,18,https://dev.astrology.com/img/houses/thumbnail-sixth-house.jpg,246,157
249,/img/tarot/major-arcana/devil.svg,502,Bad Gateway,Tarot Index Page - Thread Group 1-13,false,151,18,18,https://dev.astrology.com/img/tarot/major-arcana/devil.svg,249,151
249,/img/houses/thumbnail-second-house.jpg,200,OK,Tarot Index Page - Thread Group 1-3,true,156,18,18,https://dev.astrology.com/img/houses/thumbnail-second-house.jpg,248,153
249,/article/weekly-horoscope-december-25/,502,Bad Gateway,Tarot Index Page - Thread Group 1-18,false,156,18,18,https://dev.astrology.com/article/weekly-horoscope-december-25/,248,155
229,/astrology-101/planets/moon,502,Bad Gateway,Tarot Index Page - Thread Group 1-16,false,145,18,18,https://dev.astrology.com/astrology-101/planets/moon,228,152
355,/tarot/card-meanings/seven-of-swords,502,Bad Gateway,Tarot Index Page - Thread Group 1-5,false,154,18,18,https://dev.astrology.com/tarot/card-meanings/seven-of-swords,355,153
259,/img/tarot/major-arcana/chariot.svg,502,Bad Gateway,Tarot Index Page - Thread Group 1-10,false,153,18,18,https://dev.astrology.com/img/tarot/major-arcana/chariot.svg,258,156
238,/us/horoscope/yearly-overview-2023.aspx?sign=taurus,502,Bad Gateway,Tarot Index Page - Thread Group 1-1,false,169,18,18,https://dev.astrology.com/us/horoscope/yearly-overview-2023.aspx?sign=taurus,238,157
238,/astrology-101/planets/sun,502,Bad Gateway,Tarot Index Page - Thread Group 1-7,false,144,18,18,https://dev.astrology.com/astrology-101/planets/sun,238,149
245,/houses/fifth-house,502,Bad Gateway,Tarot Index Page - Thread Group 1-14,false,137,18,18,https://dev.astrology.com/houses/fifth-house,245,162
243,/horoscope/daily-work/virgo.html,502,Bad Gateway,Tarot Index Page - Thread Group 1-11,false,150,18,18,https://dev.astrology.com/horoscope/daily-work/virgo.html,243,159
229,/horoscope/yearly-work/scorpio.html,502,Bad Gateway,Tarot Index Page - Thread Group 1-2,false,153,18,18,https://dev.astrology.com/horoscope/yearly-work/scorpio.html,229,148
240,/img/icons/icon-arcana-upright.svg,502,Bad Gateway,Tarot Index Page - Thread Group 1-12,false,152,18,18,https://dev.astrology.com/img/icons/icon-arcana-upright.svg,239,153
231,/psychic-readings/medium,502,Bad Gateway,Tarot Index Page - Thread Group 1-15,false,142,18,18,https://dev.astrology.com/psychic-readings/medium,231,152
247,/img/icons/icon-101-aspects-and-transits.svg,502,Bad Gateway,Tarot Index Page - Thread Group 1-8,false,162,18,18,https://dev.astrology.com/img/icons/icon-101-aspects-and-transits.svg,247,156
249,/tarot/card-meanings/knight-of-swords,502,Bad Gateway,Tarot Index Page - Thread Group 1-6,false,155,18,18,https://dev.astrology.com/tarot/card-meanings/knight-of-swords,249,159
236,/us/horoscope/yearly-overview-2023.aspx?sign=aries,502,Bad Gateway,Tarot Index Page - Thread Group 1-17,false,168,18,18,https://dev.astrology.com/us/horoscope/yearly-overview-2023.aspx?sign=aries,236,153
251,/us/horoscope/yearly-overview-2023.aspx?sign=sagittarius,502,Bad Gateway,Tarot Index Page - Thread Group 1-4,false,174,18,18,https://dev.astrology.com/us/horoscope/yearly-overview-2023.aspx?sign=sagittarius,251,160
238,/horoscope/weekly-love/sagittarius.html,502,Bad Gateway,Tarot Index Page - Thread Group 1-9,false,157,18,18,https://dev.astrology.com/horoscope/weekly-love/sagittarius.html,238,153
241,/horoscope/daily-work/aries.html,502,Bad Gateway,Tarot Index Page - Thread Group 1-13,false,150,18,18,https://dev.astrology.com/horoscope/daily-work/aries.html,241,155
241,/horoscope/weekly-love/leo.html,502,Bad Gateway,Tarot Index Page - Thread Group 1-3,false,149,18,18,https://dev.astrology.com/horoscope/weekly-love/leo.html,241,157
238,/horoscope/weekly-overview/sagittarius.html,502,Bad Gateway,Tarot Index Page - Thread Group 1-18,false,161,18,18,https://dev.astrology.com/horoscope/weekly-overview/sagittarius.html,238,149
238,/horoscope/daily-work/capricorn.html,502,Bad Gateway,Tarot Index Page - Thread Group 1-16,false,154,19,19,https://dev.astrology.com/horoscope/daily-work/capricorn.html,238,152
247,/tarot/card-meanings/the-chariot,502,Bad Gateway,Tarot Index Page - Thread Group 1-5,false,150,19,19,https://dev.astrology.com/tarot/card-meanings/the-chariot,246,157
234,/tarot/card-meanings/the-emperor,502,Bad Gateway,Tarot Index Page - Thread Group 1-1,false,150,19,19,https://dev.astrology.com/tarot/card-meanings/the-emperor,234,149
246,/us/horoscope/yearly-overview-2023.aspx?sign=leo,502,Bad Gateway,Tarot Index Page - Thread Group 1-10,false,166,19,19,https://dev.astrology.com/us/horoscope/yearly-overview-2023.aspx?sign=leo,246,158
248,/horoscope/daily-work/aquarius.html,502,Bad Gateway,Tarot Index Page - Thread Group 1-7,false,153,19,19,https://dev.astrology.com/horoscope/daily-work/aquarius.html,247,156
247,/tarot/card-meanings/ten-of-swords,502,Bad Gateway,Tarot Index Page - Thread Group 1-14,false,152,19,19,https://dev.astrology.com/tarot/card-meanings/ten-of-swords,247,167
249,/img/tarot/major-arcana/moon.svg,502,Bad Gateway,Tarot Index Page - Thread Group 1-11,false,150,19,19,https://dev.astrology.com/img/tarot/major-arcana/moon.svg,248,154
235,/astrology-101/planets/saturn,502,Bad Gateway,Tarot Index Page - Thread Group 1-2,false,147,19,19,https://dev.astrology.com/astrology-101/planets/saturn,235,155
226,/us/horoscope/yearly-overview-2023.aspx?sign=aquarius,502,Bad Gateway,Tarot Index Page - Thread Group 1-12,false,171,19,19,https://dev.astrology.com/us/horoscope/yearly-overview-2023.aspx?sign=aquarius,226,147
244,/img/games/icon-compat-zodiac-1.png,200,OK,Tarot Index Page - Thread Group 1-15,true,153,19,19,https://dev.astrology.com/img/games/icon-compat-zodiac-1.png,240,154
248,/img/tarot/major-arcana/temperance.svg,502,Bad Gateway,Tarot Index Page - Thread Group 1-8,false,156,19,19,https://dev.astrology.com/img/tarot/major-arcana/temperance.svg,248,153
239,/sagittarius-man.html,502,Bad Gateway,Tarot Index Page - Thread Group 1-6,false,139,19,19,https://dev.astrology.com/sagittarius-man.html,239,151
240,/astrology-101/elements/fire,502,Bad Gateway,Tarot Index Page - Thread Group 1-17,false,146,19,19,https://dev.astrology.com/astrology-101/elements/fire,240,157
228,/horoscope/weekly-love/libra.html,502,Bad Gateway,Tarot Index Page - Thread Group 1-9,false,151,19,19,https://dev.astrology.com/horoscope/weekly-love/libra.html,228,148
232,/horoscope/weekly-work/pisces.html,502,Bad Gateway,Tarot Index Page - Thread Group 1-3,false,152,19,19,https://dev.astrology.com/horoscope/weekly-work/pisces.html,232,152
241,/houses/ninth-house,502,Bad Gateway,Tarot Index Page - Thread Group 1-13,false,137,19,19,https://dev.astrology.com/houses/ninth-house,241,155
252,/tarot/card-meanings/eight-of-swords,502,Bad Gateway,Tarot Index Page - Thread Group 1-4,false,154,19,19,https://dev.astrology.com/tarot/card-meanings/eight-of-swords,252,156
246,/horoscope/yearly-work/aquarius.html,502,Bad Gateway,Tarot Index Page - Thread Group 1-18,false,154,19,19,https://dev.astrology.com/horoscope/yearly-work/aquarius.html,245,156
248,/img/tarot/major-arcana/hierophant.svg,502,Bad Gateway,Tarot Index Page - Thread Group 1-16,false,156,19,19,https://dev.astrology.com/img/tarot/major-arcana/hierophant.svg,247,153
239,/horoscope/yearly-love/taurus.html,502,Bad Gateway,Tarot Index Page - Thread Group 1-5,false,152,19,19,https://dev.astrology.com/horoscope/yearly-love/taurus.html,239,150
244,/horoscope/weekly-overview/pisces.html,502,Bad Gateway,Tarot Index Page - Thread Group 1-1,false,156,19,19,https://dev.astrology.com/horoscope/weekly-overview/pisces.html,244,155
235,/img/houses/thumbnail-eighth-house.jpg,200,OK,Tarot Index Page - Thread Group 1-7,true,156,19,19,https://dev.astrology.com/img/houses/thumbnail-eighth-house.jpg,234,151
256,/horoscope/weekly-overview/virgo.html,502,Bad Gateway,Tarot Index Page - Thread Group 1-10,false,155,19,19,https://dev.astrology.com/horoscope/weekly-overview/virgo.html,256,156
246,/horoscope/daily-love/taurus.html,502,Bad Gateway,Tarot Index Page - Thread Group 1-14,false,151,19,19,https://dev.astrology.com/horoscope/daily-love/taurus.html,246,160
233,/houses/seventh-house,502,Bad Gateway,Tarot Index Page - Thread Group 1-2,false,139,19,19,https://dev.astrology.com/houses/seventh-house,233,150
257,/taurus-man.html,502,Bad Gateway,Tarot Index Page - Thread Group 1-11,false,134,19,19,https://dev.astrology.com/taurus-man.html,257,165
358,/img/tarot/minor-arcana/cover-suit-of-swords.svg,200,OK,Tarot Index Page - Thread Group 1-19,true,166,19,19,https://dev.astrology.com/img/tarot/minor-arcana/cover-suit-of-swords.svg,355,152
246,/img/modalities/thumbnail-fixed.jpg,502,Bad Gateway,Tarot Index Page - Thread Group 1-12,false,153,19,19,https://dev.astrology.com/img/modalities/thumbnail-fixed.jpg,246,155
248,/horoscope/daily-dating/scorpio.html,502,Bad Gateway,Tarot Index Page - Thread Group 1-15,false,154,19,19,https://dev.astrology.com/horoscope/daily-dating/scorpio.html,248,158
239,/wp-content/uploads/sites/9/2022/06/articlecategories_finance-6-1-e1655415659314-300x148.png,502,Bad Gateway,Tarot Index Page - Thread Group 1-8,false,210,19,19,https://dev.astrology.com/wp-content/uploads/sites/9/2022/06/articlecategories_finance-6-1-e1655415659314-300x148.png,239,154
238,/modalities/cardinal,502,Bad Gateway,Tarot Index Page - Thread Group 1-6,false,138,19,19,https://dev.astrology.com/modalities/cardinal,238,147
242,/horoscope/weekly-dating/scorpio.html,502,Bad Gateway,Tarot Index Page - Thread Group 1-9,false,155,19,19,https://dev.astrology.com/horoscope/weekly-dating/scorpio.html,242,159
248,/horoscope/weekly-dating/sagittarius.html,502,Bad Gateway,Tarot Index Page - Thread Group 1-17,false,159,19,19,https://dev.astrology.com/horoscope/weekly-dating/sagittarius.html,248,158
236,/capricorn-man.html,502,Bad Gateway,Tarot Index Page - Thread Group 1-3,false,137,19,19,https://dev.astrology.com/capricorn-man.html,236,149
236,/horoscope/daily-dating/aries.html,502,Bad Gateway,Tarot Index Page - Thread Group 1-13,false,152,19,19,https://dev.astrology.com/horoscope/daily-dating/aries.html,235,152
236,/horoscope/weekly-dating/virgo.html,502,Bad Gateway,Tarot Index Page - Thread Group 1-4,false,153,19,19,https://dev.astrology.com/horoscope/weekly-dating/virgo.html,236,154
239,/newsletters.html?utm_source=site&utm_medium=email-widget,502,Bad Gateway,Tarot Index Page - Thread Group 1-18,false,175,19,19,https://dev.astrology.com/newsletters.html?utm_source=site&utm_medium=email-widget,239,151
242,/horoscope/daily/aquarius.html,502,Bad Gateway,Tarot Index Page - Thread Group 1-5,false,148,20,20,https://dev.astrology.com/horoscope/daily/aquarius.html,242,160
233,/horoscope/daily-work/leo.html,502,Bad Gateway,Tarot Index Page - Thread Group 1-1,false,148,20,20,https://dev.astrology.com/horoscope/daily-work/leo.html,233,155
248,/rising-sign-calculator,502,Bad Gateway,Tarot Index Page - Thread Group 1-16,false,141,20,20,https://dev.astrology.com/rising-sign-calculator,247,160
238,/img/houses/thumbnail-third-house.jpg,502,Bad Gateway,Tarot Index Page - Thread Group 1-7,false,155,20,20,https://dev.astrology.com/img/houses/thumbnail-third-house.jpg,238,151
245,/astrology-101/elements/air,502,Bad Gateway,Tarot Index Page - Thread Group 1-10,false,145,20,20,https://dev.astrology.com/astrology-101/elements/air,245,160
232,/modalities/fixed,502,Bad Gateway,Tarot Index Page - Thread Group 1-14,false,135,20,20,https://dev.astrology.com/modalities/fixed,231,150
234,/houses/tenth-house,502,Bad Gateway,Tarot Index Page - Thread Group 1-19,false,137,20,20,https://dev.astrology.com/houses/tenth-house,234,152
246,/astrology-101/planets/mercury,502,Bad Gateway,Tarot Index Page - Thread Group 1-2,false,148,20,20,https://dev.astrology.com/astrology-101/planets/mercury,246,162
253,/wp-content/uploads/sites/9/2020/04/aquarius-zodiac-sign-300x167.jpeg,502,Bad Gateway,Tarot Index Page - Thread Group 1-11,false,187,19,19,https://dev.astrology.com/wp-content/uploads/sites/9/2020/04/aquarius-zodiac-sign-300x167.jpeg,253,159
244,/img/icons/icon-101-born-on-the-cusp.svg,502,Bad Gateway,Tarot Index Page - Thread Group 1-12,false,158,18,18,https://dev.astrology.com/img/icons/icon-101-born-on-the-cusp.svg,244,150
235,/horoscope/weekly-love/pisces.html,502,Bad Gateway,Tarot Index Page - Thread Group 1-15,false,152,17,17,https://dev.astrology.com/horoscope/weekly-love/pisces.html,235,150
233,/horoscope/yearly-work/libra.html,502,Bad Gateway,Tarot Index Page - Thread Group 1-6,false,151,16,16,https://dev.astrology.com/horoscope/yearly-work/libra.html,233,151
247,/horoscope/weekly-overview/scorpio.html,502,Bad Gateway,Tarot Index Page - Thread Group 1-8,false,157,15,15,https://dev.astrology.com/horoscope/weekly-overview/scorpio.html,247,156
228,/horoscope/daily-dating/virgo.html,502,Bad Gateway,Tarot Index Page - Thread Group 1-17,false,152,14,14,https://dev.astrology.com/horoscope/daily-dating/virgo.html,228,149
236,/houses/third-house,502,Bad Gateway,Tarot Index Page - Thread Group 1-9,false,137,13,13,https://dev.astrology.com/houses/third-house,236,155
241,/tarot/card-meanings/six-of-swords,502,Bad Gateway,Tarot Index Page - Thread Group 1-3,false,152,12,12,https://dev.astrology.com/tarot/card-meanings/six-of-swords,240,151
242,/horoscope/daily-love/virgo.html,502,Bad Gateway,Tarot Index Page - Thread Group 1-13,false,150,11,11,https://dev.astrology.com/horoscope/daily-love/virgo.html,242,150
249,/tarot/card-meanings/justice,502,Bad Gateway,Tarot Index Page - Thread Group 1-4,false,146,10,10,https://dev.astrology.com/tarot/card-meanings/justice,249,157
246,/tarot/card-meanings/ace-of-swords,502,Bad Gateway,Tarot Index Page - Thread Group 1-18,false,152,9,9,https://dev.astrology.com/tarot/card-meanings/ace-of-swords,245,153
248,/img/icons/icon-101-asteroids.svg,502,Bad Gateway,Tarot Index Page - Thread Group 1-20,false,151,8,8,https://dev.astrology.com/img/icons/icon-101-asteroids.svg,248,151
228,/us/horoscope/yearly-overview-2023.aspx?sign=gemini,502,Bad Gateway,Tarot Index Page - Thread Group 1-1,false,169,7,7,https://dev.astrology.com/us/horoscope/yearly-overview-2023.aspx?sign=gemini,228,150
240,/img/tarot/major-arcana/sun.svg,502,Bad Gateway,Tarot Index Page - Thread Group 1-16,false,149,6,6,https://dev.astrology.com/img/tarot/major-arcana/sun.svg,240,152
230,/tarot/card-meanings/page-of-swords,502,Bad Gateway,Tarot Index Page - Thread Group 1-7,false,153,5,5,https://dev.astrology.com/tarot/card-meanings/page-of-swords,230,150
240,/psychic-readings/spiritual-readings,502,Bad Gateway,Tarot Index Page - Thread Group 1-10,false,154,4,4,https://dev.astrology.com/psychic-readings/spiritual-readings,240,155
236,/houses/eleventh-house,502,Bad Gateway,Tarot Index Page - Thread Group 1-14,false,140,3,3,https://dev.astrology.com/houses/eleventh-house,236,147
240,/tarot/card-meanings/the-hermit,502,Bad Gateway,Tarot Index Page - Thread Group 1-19,false,149,2,2,https://dev.astrology.com/tarot/card-meanings/the-hermit,240,158
370,/astrology-101/qualities/fixed,502,Bad Gateway,Tarot Index Page - Thread Group 1-5,false,148,1,1,https://dev.astrology.com/astrology-101/qualities/fixed,370,159
