elapsed,label,responseCode,responseMessage,threadName,dataType,success,bytes,sentBytes,grpThreads,allThreads,URL,Latency,Connect
693,/birthday-horoscope/aries,200,OK,Birthday Page - Thread Group 1-1,text,true,148560,286,1,1,https://dev.horoscope.com/birthday-horoscope/aries,71,30
345,/us/games/divination/game-magic-8-ball.aspx,200,OK,Birthday Page - Thread Group 1-1,text,true,151223,322,1,1,https://dev.horoscope.com/us/games/divination/game-magic-8-ball.aspx,67,28
461,/us/horoscopes/career/horoscope-career-daily-today.aspx?sign=1,200,OK,Birthday Page - Thread Group 1-1,text,true,170063,360,1,1,https://dev.horoscope.com/us/horoscopes/career/horoscope-career-daily-today.aspx?sign=1,64,28
341,/birthday-horoscope/taurus,200,OK,Birthday Page - Thread Group 1-1,text,true,148488,288,1,1,https://dev.horoscope.com/birthday-horoscope/taurus,66,28
619,/us/tarot/tarot-angel.aspx,200,OK,Birthday Page - Thread Group 1-1,text,true,154259,288,1,1,https://dev.horoscope.com/us/tarot/tarot-angel.aspx,66,28
607,/birth-chart/,200,OK,Birthday Page - Thread Group 1-1,text,true,36878,383,1,1,https://sites.horoscope.com/,67,28
360,/us/games/index-games-love.aspx,200,OK,Birthday Page - Thread Group 1-1,text,true,151560,298,1,1,https://dev.horoscope.com/us/games/index-games-love.aspx,79,28
355,/birthday-horoscope/leo,200,OK,Birthday Page - Thread Group 1-1,text,true,148413,282,1,1,https://dev.horoscope.com/birthday-horoscope/leo,71,27
332,/birthday-horoscope/virgo,200,OK,Birthday Page - Thread Group 1-1,text,true,148395,286,1,1,https://dev.horoscope.com/birthday-horoscope/virgo,63,28
337,/fr/index.aspx,200,OK,Birthday Page - Thread Group 1-1,text,true,138202,264,1,1,https://dev.horoscope.com/fr/index.aspx,67,29
343,/zodiac-signs/taurus,200,OK,Birthday Page - Thread Group 1-1,text,true,157901,276,1,1,https://dev.horoscope.com/zodiac-signs/taurus,68,28
1583,/us/horoscopes/yearly/2023-horoscope-aries.aspx,200,OK,Birthday Page - Thread Group 1-1,text,true,145825,330,1,1,https://dev.horoscope.com/us/horoscopes/yearly/2023-horoscope-aries.aspx,68,29
339,/us/games/divination/game-cupids-oracle.aspx,200,OK,Birthday Page - Thread Group 1-1,text,true,151845,324,1,1,https://dev.horoscope.com/us/games/divination/game-cupids-oracle.aspx,65,28
337,/birthday-horoscope/aquarius,200,OK,Birthday Page - Thread Group 1-1,text,true,148597,292,1,1,https://dev.horoscope.com/birthday-horoscope/aquarius,65,27
334,/us/horoscopes/general/horoscope-overview-daily-today.aspx,200,OK,Birthday Page - Thread Group 1-1,text,true,160795,352,1,1,https://dev.horoscope.com/us/horoscopes/general/horoscope-overview-daily-today.aspx,68,29
524,/us/games/divination/game-ask-genie.aspx,200,OK,Birthday Page - Thread Group 1-1,text,true,150045,316,1,1,https://dev.horoscope.com/us/games/divination/game-ask-genie.aspx,64,28
541,/zodiac-signs/gemini,200,OK,Birthday Page - Thread Group 1-1,text,true,158472,276,1,1,https://dev.horoscope.com/zodiac-signs/gemini,62,28
330,/css-US/main.css?v=2023012710,200,OK,Birthday Page - Thread Group 1-1,text,true,107362,294,1,1,https://dev.horoscope.com/css-US/main.css?v=2023012710,69,28
277,/us/sitemap.aspx,200,OK,Birthday Page - Thread Group 1-1,text,true,14475,268,1,1,https://dev.horoscope.com/us/sitemap.aspx,64,28
347,/birthday-horoscope/scorpio,200,OK,Birthday Page - Thread Group 1-1,text,true,148606,290,1,1,https://dev.horoscope.com/birthday-horoscope/scorpio,66,27
278,/mercury-retrograde/,404,Not Found,Birthday Page - Thread Group 1-1,text,false,1882,276,1,1,https://dev.horoscope.com/mercury-retrograde/,69,28
332,/us/games/divination/game-luck-meter.aspx,200,OK,Birthday Page - Thread Group 1-1,text,true,151508,318,1,1,https://dev.horoscope.com/us/games/divination/game-luck-meter.aspx,62,29
505,/birthday-horoscope/gemini,200,OK,Birthday Page - Thread Group 1-1,text,true,148407,288,1,1,https://dev.horoscope.com/birthday-horoscope/gemini,64,28
521,/tarot/tarot-yes-no.aspx,200,OK,Birthday Page - Thread Group 1-1,text,true,152991,284,1,1,https://dev.horoscope.com/tarot/tarot-yes-no.aspx,67,28
336,/psychics/tarot.html,200,OK,Birthday Page - Thread Group 1-1,text,true,139338,276,1,1,https://dev.horoscope.com/psychics/tarot.html,70,29
342,/us/games/divination/game-love-fairy.aspx,200,OK,Birthday Page - Thread Group 1-1,text,true,153473,318,1,1,https://dev.horoscope.com/us/games/divination/game-love-fairy.aspx,64,28
282,/celebrities/,404,Not Found,Birthday Page - Thread Group 1-1,text,false,1875,262,1,1,https://dev.horoscope.com/celebrities/,65,28
325,/us/about-us.aspx,200,OK,Birthday Page - Thread Group 1-1,text,true,141856,270,1,1,https://dev.horoscope.com/us/about-us.aspx,64,28
324,/us/tarot/tarot-daily.aspx,200,OK,Birthday Page - Thread Group 1-1,text,true,152849,288,1,1,https://dev.horoscope.com/us/tarot/tarot-daily.aspx,61,28
55,/us/horoscopes/numerology/index-horoscope-numerology.aspx,Non HTTP response code: java.net.SocketException,Non HTTP response message: Socket closed,Birthday Page - Thread Group 1-1,text,false,2669,0,1,1,http://dev.horoscope.com/us/horoscopes/numerology/index-horoscope-numerology.aspx,0,29
795,/birthday-horoscope/aries,200,OK,Birthday Page - Thread Group 1-1,text,true,148465,286,1,1,https://dev.horoscope.com/birthday-horoscope/aries,180,125
497,/us/games/divination/game-magic-8-ball.aspx,200,OK,Birthday Page - Thread Group 1-1,text,true,151016,322,1,1,https://dev.horoscope.com/us/games/divination/game-magic-8-ball.aspx,73,29
426,/us/horoscopes/career/horoscope-career-daily-today.aspx?sign=1,200,OK,Birthday Page - Thread Group 1-1,text,true,169871,360,1,1,https://dev.horoscope.com/us/horoscopes/career/horoscope-career-daily-today.aspx?sign=1,75,27
369,/birthday-horoscope/taurus,200,OK,Birthday Page - Thread Group 1-1,text,true,148465,288,1,1,https://dev.horoscope.com/birthday-horoscope/taurus,68,29
377,/us/tarot/tarot-angel.aspx,200,OK,Birthday Page - Thread Group 1-1,text,true,154270,288,1,1,https://dev.horoscope.com/us/tarot/tarot-angel.aspx,77,29
2269,/birth-chart/,200,OK,Birthday Page - Thread Group 1-1,text,true,36862,383,1,1,https://sites.horoscope.com/,77,28
360,/us/games/index-games-love.aspx,200,OK,Birthday Page - Thread Group 1-1,text,true,151570,298,1,1,https://dev.horoscope.com/us/games/index-games-love.aspx,79,29
379,/birthday-horoscope/leo,200,OK,Birthday Page - Thread Group 1-1,text,true,148519,282,1,1,https://dev.horoscope.com/birthday-horoscope/leo,74,29
385,/birthday-horoscope/virgo,200,OK,Birthday Page - Thread Group 1-1,text,true,148477,286,1,1,https://dev.horoscope.com/birthday-horoscope/virgo,69,29
563,/fr/index.aspx,200,OK,Birthday Page - Thread Group 1-1,text,true,138118,264,1,1,https://dev.horoscope.com/fr/index.aspx,82,32
367,/zodiac-signs/taurus,200,OK,Birthday Page - Thread Group 1-1,text,true,157894,276,1,1,https://dev.horoscope.com/zodiac-signs/taurus,68,28
372,/us/horoscopes/yearly/2023-horoscope-aries.aspx,200,OK,Birthday Page - Thread Group 1-1,text,true,145711,330,1,1,https://dev.horoscope.com/us/horoscopes/yearly/2023-horoscope-aries.aspx,68,27
376,/us/games/divination/game-cupids-oracle.aspx,200,OK,Birthday Page - Thread Group 1-1,text,true,151768,324,1,1,https://dev.horoscope.com/us/games/divination/game-cupids-oracle.aspx,76,29
365,/birthday-horoscope/aquarius,200,OK,Birthday Page - Thread Group 1-1,text,true,148451,292,1,1,https://dev.horoscope.com/birthday-horoscope/aquarius,63,29
388,/us/horoscopes/general/horoscope-overview-daily-today.aspx,200,OK,Birthday Page - Thread Group 1-1,text,true,160674,352,1,1,https://dev.horoscope.com/us/horoscopes/general/horoscope-overview-daily-today.aspx,83,33
559,/us/games/divination/game-ask-genie.aspx,200,OK,Birthday Page - Thread Group 1-1,text,true,150044,316,1,1,https://dev.horoscope.com/us/games/divination/game-ask-genie.aspx,94,44
384,/zodiac-signs/gemini,200,OK,Birthday Page - Thread Group 1-1,text,true,158694,276,1,1,https://dev.horoscope.com/zodiac-signs/gemini,84,34
305,/us/sitemap.aspx,200,OK,Birthday Page - Thread Group 1-1,text,true,14490,268,1,1,https://dev.horoscope.com/us/sitemap.aspx,65,27
443,/birthday-horoscope/scorpio,200,OK,Birthday Page - Thread Group 1-1,text,true,148413,290,1,1,https://dev.horoscope.com/birthday-horoscope/scorpio,93,43
303,/mercury-retrograde/,404,Not Found,Birthday Page - Thread Group 1-1,text,false,1882,276,1,1,https://dev.horoscope.com/mercury-retrograde/,71,29
376,/us/games/divination/game-luck-meter.aspx,200,OK,Birthday Page - Thread Group 1-1,text,true,151502,318,1,1,https://dev.horoscope.com/us/games/divination/game-luck-meter.aspx,94,44
379,/birthday-horoscope/gemini,200,OK,Birthday Page - Thread Group 1-1,text,true,148533,288,1,1,https://dev.horoscope.com/birthday-horoscope/gemini,86,45
364,/tarot/tarot-yes-no.aspx,200,OK,Birthday Page - Thread Group 1-1,text,true,153184,284,1,1,https://dev.horoscope.com/tarot/tarot-yes-no.aspx,87,37
341,/psychics/tarot.html,200,OK,Birthday Page - Thread Group 1-1,text,true,139323,276,1,1,https://dev.horoscope.com/psychics/tarot.html,72,28
380,/us/games/divination/game-love-fairy.aspx,200,OK,Birthday Page - Thread Group 1-1,text,true,153482,318,1,1,https://dev.horoscope.com/us/games/divination/game-love-fairy.aspx,80,30
299,/celebrities/,404,Not Found,Birthday Page - Thread Group 1-1,text,false,1875,262,1,1,https://dev.horoscope.com/celebrities/,69,29
353,/us/about-us.aspx,200,OK,Birthday Page - Thread Group 1-1,text,true,141989,270,1,1,https://dev.horoscope.com/us/about-us.aspx,69,27
349,/us/tarot/tarot-daily.aspx,200,OK,Birthday Page - Thread Group 1-1,text,true,152978,288,1,1,https://dev.horoscope.com/us/tarot/tarot-daily.aspx,72,28
365,/us/horoscopes/numerology/index-horoscope-numerology.aspx,200,OK,Birthday Page - Thread Group 1-1,text,true,163319,350,1,1,https://dev.horoscope.com/us/horoscopes/numerology/index-horoscope-numerology.aspx,70,27
479,/us/horoscopes/general/retail-therapy-horoscope.aspx?sign=1,200,OK,Birthday Page - Thread Group 1-1,text,true,162619,354,1,1,https://dev.horoscope.com/us/horoscopes/general/retail-therapy-horoscope.aspx?sign=1,79,29
361,/us/privacy.aspx,200,OK,Birthday Page - Thread Group 1-1,text,true,182042,268,1,1,https://dev.horoscope.com/us/privacy.aspx,64,28
361,/us/planets/index.html,200,OK,Birthday Page - Thread Group 1-1,text,true,155774,280,1,1,https://dev.horoscope.com/us/planets/index.html,88,37
225,/images-US/horoscope-logo.svg,200,OK,Birthday Page - Thread Group 1-1,text,true,4581,294,1,1,https://dev.horoscope.com/images-US/horoscope-logo.svg,75,29
372,/us/tarot/tarot-today-tomorrow.aspx,200,OK,Birthday Page - Thread Group 1-1,text,true,152120,306,1,1,https://dev.horoscope.com/us/tarot/tarot-today-tomorrow.aspx,67,28
476,/zodiac-signs/virgo,200,OK,Birthday Page - Thread Group 1-1,text,true,157124,274,1,1,https://dev.horoscope.com/zodiac-signs/virgo,76,28
355,/us/tarot/index-tarot-reading-love.aspx,200,OK,Birthday Page - Thread Group 1-1,text,true,150769,314,1,1,https://dev.horoscope.com/us/tarot/index-tarot-reading-love.aspx,71,28
493,/us/tarot/index-tarot-reading.aspx,200,OK,Birthday Page - Thread Group 1-1,text,true,163391,304,1,1,https://dev.horoscope.com/us/tarot/index-tarot-reading.aspx,93,43
365,/zodiac-signs/pisces,200,OK,Birthday Page - Thread Group 1-1,text,true,157543,276,1,1,https://dev.horoscope.com/zodiac-signs/pisces,73,29
383,/us/tarot/index-tarot-reading-unique.aspx,200,OK,Birthday Page - Thread Group 1-1,text,true,150997,318,1,1,https://dev.horoscope.com/us/tarot/index-tarot-reading-unique.aspx,83,33
349,/birthday-horoscope/libra,200,OK,Birthday Page - Thread Group 1-1,text,true,148568,286,1,1,https://dev.horoscope.com/birthday-horoscope/libra,69,28
354,/us/games/divination/game-love-cookie.aspx,200,OK,Birthday Page - Thread Group 1-1,text,true,150655,320,1,1,https://dev.horoscope.com/us/games/divination/game-love-cookie.aspx,61,29
359,/psychics/psychics.html,200,OK,Birthday Page - Thread Group 1-1,text,true,139359,282,1,1,https://dev.horoscope.com/psychics/psychics.html,94,44
542,/us/advertise.aspx,200,OK,Birthday Page - Thread Group 1-1,text,true,145349,272,1,1,https://dev.horoscope.com/us/advertise.aspx,84,34
418,/us/games/divination/game-crystal-ball.aspx,200,OK,Birthday Page - Thread Group 1-1,text,true,150796,322,1,1,https://dev.horoscope.com/us/games/divination/game-crystal-ball.aspx,88,37
496,/us/games/index-games-instant-advice.aspx,200,OK,Birthday Page - Thread Group 1-1,text,true,150309,318,1,1,https://dev.horoscope.com/us/games/index-games-instant-advice.aspx,75,30
420,/birthday-horoscope/pisces,200,OK,Birthday Page - Thread Group 1-1,text,true,148618,288,1,1,https://dev.horoscope.com/birthday-horoscope/pisces,79,30
404,/us/index.aspx,200,OK,Birthday Page - Thread Group 1-1,text,true,151723,264,1,1,https://dev.horoscope.com/us/index.aspx,99,30
312,/images-US/psychic/quote.png,200,OK,Birthday Page - Thread Group 1-1,bin,true,1350,292,1,1,https://dev.horoscope.com/images-US/psychic/quote.png,94,44
356,/us/horoscopes/general/horoscope-general-daily-today.aspx?sign=1,200,OK,Birthday Page - Thread Group 1-1,text,true,171939,364,1,1,https://dev.horoscope.com/us/horoscopes/general/horoscope-general-daily-today.aspx?sign=1,63,31
374,/us/horoscopes/love/horoscope-love-daily-today.aspx?sign=1,200,OK,Birthday Page - Thread Group 1-1,text,true,171588,352,1,1,https://dev.horoscope.com/us/horoscopes/love/horoscope-love-daily-today.aspx?sign=1,74,28
450,/us/tos.aspx,200,OK,Birthday Page - Thread Group 1-1,text,true,195577,260,1,1,https://dev.horoscope.com/us/tos.aspx,68,28
348,/psychics/love.html,200,OK,Birthday Page - Thread Group 1-1,text,true,139396,274,1,1,https://dev.horoscope.com/psychics/love.html,61,29
352,/zodiac-signs/aries,200,OK,Birthday Page - Thread Group 1-1,text,true,156803,274,1,1,https://dev.horoscope.com/zodiac-signs/aries,67,29
374,/zodiac-signs/cancer,200,OK,Birthday Page - Thread Group 1-1,text,true,158360,276,1,1,https://dev.horoscope.com/zodiac-signs/cancer,94,44
434,/us/tarot/tarot-lovers-triangle.aspx,200,OK,Birthday Page - Thread Group 1-1,text,true,153336,308,1,1,https://dev.horoscope.com/us/tarot/tarot-lovers-triangle.aspx,72,27
362,/birthday-horoscope/cancer,200,OK,Birthday Page - Thread Group 1-1,text,true,148517,288,1,1,https://dev.horoscope.com/birthday-horoscope/cancer,84,34
371,/astrology/,404,Not Found,Birthday Page - Thread Group 1-1,text,false,1873,258,1,1,https://dev.horoscope.com/astrology/,91,27
447,/us/games/index-games.aspx,200,OK,Birthday Page - Thread Group 1-1,text,true,157522,288,1,1,https://dev.horoscope.com/us/games/index-games.aspx,97,47
465,/tarot/tarot-card-meaning/the-star,200,OK,Birthday Page - Thread Group 1-1,text,true,155680,304,1,1,https://dev.horoscope.com/tarot/tarot-card-meaning/the-star,172,132
383,/zodiac-signs/leo,200,OK,Birthday Page - Thread Group 1-1,text,true,157106,270,1,1,https://dev.horoscope.com/zodiac-signs/leo,83,33
550,/us/tarot/tarot-money-oracle.aspx,200,OK,Birthday Page - Thread Group 1-1,text,true,154145,302,1,1,https://dev.horoscope.com/us/tarot/tarot-money-oracle.aspx,66,28
371,/us/tarot/tarot-love-potential.aspx,200,OK,Birthday Page - Thread Group 1-1,text,true,154625,306,1,1,https://dev.horoscope.com/us/tarot/tarot-love-potential.aspx,74,30
376,/us/horoscopes/chinese/index-horoscope-chinese.aspx,200,OK,Birthday Page - Thread Group 1-1,text,true,155612,338,1,1,https://dev.horoscope.com/us/horoscopes/chinese/index-horoscope-chinese.aspx,76,28
373,/us/emails/email-subscription.aspx,200,OK,Birthday Page - Thread Group 1-1,text,true,139581,304,1,1,https://dev.horoscope.com/us/emails/email-subscription.aspx,99,28
347,/us/games/divination/game-magic-love-ball.aspx,200,OK,Birthday Page - Thread Group 1-1,text,true,151123,328,1,1,https://dev.horoscope.com/us/games/divination/game-magic-love-ball.aspx,75,28
555,/zodiac-signs/capricorn,200,OK,Birthday Page - Thread Group 1-1,text,true,157639,282,1,1,https://dev.horoscope.com/zodiac-signs/capricorn,77,28
503,/psychics,200,OK,Birthday Page - Thread Group 1-1,text,true,139420,254,1,1,https://dev.horoscope.com/psychics,71,28
427,/us/horoscopes/general/horoscope-what-to-watch.aspx?sign=1,200,OK,Birthday Page - Thread Group 1-1,text,true,163447,352,1,1,https://dev.horoscope.com/us/horoscopes/general/horoscope-what-to-watch.aspx?sign=1,63,29
350,/us/team.aspx,200,OK,Birthday Page - Thread Group 1-1,text,true,141234,262,1,1,https://dev.horoscope.com/us/team.aspx,72,28
342,/us/games/index-games-fortune-teller.aspx,200,OK,Birthday Page - Thread Group 1-1,text,true,149020,318,1,1,https://dev.horoscope.com/us/games/index-games-fortune-teller.aspx,72,28
429,/us/horoscopes/wellness/horoscope-wellness-daily-today.aspx?sign=1,200,OK,Birthday Page - Thread Group 1-1,text,true,171476,368,1,1,https://dev.horoscope.com/us/horoscopes/wellness/horoscope-wellness-daily-today.aspx?sign=1,79,29
360,/us/tarot/tarot-monthly.aspx,200,OK,Birthday Page - Thread Group 1-1,text,true,152917,292,1,1,https://dev.horoscope.com/us/tarot/tarot-monthly.aspx,66,29
394,/us/games/compatibility/game-name-compatibility.aspx,200,OK,Birthday Page - Thread Group 1-1,text,true,155008,340,1,1,https://dev.horoscope.com/us/games/compatibility/game-name-compatibility.aspx,88,38
393,/articles,200,OK,Birthday Page - Thread Group 1-1,text,true,158071,254,1,1,https://dev.horoscope.com/articles,93,43
370,/us/games/divination/game-fortune-cookie.aspx,200,OK,Birthday Page - Thread Group 1-1,text,true,150231,326,1,1,https://dev.horoscope.com/us/games/divination/game-fortune-cookie.aspx,72,29
287,/horoscope-dates/,404,Not Found,Birthday Page - Thread Group 1-1,text,false,1879,270,1,1,https://dev.horoscope.com/horoscope-dates/,60,28
356,/us/tarot/tarot-true-love.aspx,200,OK,Birthday Page - Thread Group 1-1,text,true,152290,296,1,1,https://dev.horoscope.com/us/tarot/tarot-true-love.aspx,73,41
354,/love/compatibility,200,OK,Birthday Page - Thread Group 1-1,text,true,152848,274,1,1,https://dev.horoscope.com/love/compatibility,84,34
352,/zodiac-signs/libra,200,OK,Birthday Page - Thread Group 1-1,text,true,157895,274,1,1,https://dev.horoscope.com/zodiac-signs/libra,79,29
355,/us/games/compatibility/game-friendship-compatibility.aspx,200,OK,Birthday Page - Thread Group 1-1,text,true,151684,352,1,1,https://dev.horoscope.com/us/games/compatibility/game-friendship-compatibility.aspx,77,29
351,/birthday-horoscope/capricorn,200,OK,Birthday Page - Thread Group 1-1,text,true,148536,294,1,1,https://dev.horoscope.com/birthday-horoscope/capricorn,71,27
399,/zodiac-signs,200,OK,Birthday Page - Thread Group 1-1,text,true,186239,262,1,1,https://dev.horoscope.com/zodiac-signs,85,29
369,/us/horoscopes/money/horoscope-money-weekly.aspx?sign=1,200,OK,Birthday Page - Thread Group 1-1,text,true,162381,346,1,1,https://dev.horoscope.com/us/horoscopes/money/horoscope-money-weekly.aspx?sign=1,69,28
360,/zodiac-signs/scorpio,200,OK,Birthday Page - Thread Group 1-1,text,true,157138,278,1,1,https://dev.horoscope.com/zodiac-signs/scorpio,67,27
369,/us/games/index-games-compatibility.aspx,200,OK,Birthday Page - Thread Group 1-1,text,true,149764,316,1,1,https://dev.horoscope.com/us/games/index-games-compatibility.aspx,88,38
568,/birthday-horoscope.aspx,200,OK,Birthday Page - Thread Group 1-1,text,true,153066,284,1,1,https://dev.horoscope.com/birthday-horoscope.aspx,73,29
349,/us/tarot/tarot-daily-love.aspx,200,OK,Birthday Page - Thread Group 1-1,text,true,154371,298,1,1,https://dev.horoscope.com/us/tarot/tarot-daily-love.aspx,62,29
299,/saturn-return/,404,Not Found,Birthday Page - Thread Group 1-1,text,false,1877,266,1,1,https://dev.horoscope.com/saturn-return/,60,29
355,/us/tarot/index-tarot-reading-forecast.aspx,200,OK,Birthday Page - Thread Group 1-1,text,true,148825,322,1,1,https://dev.horoscope.com/us/tarot/index-tarot-reading-forecast.aspx,70,28
359,/zodiac-signs/sagittarius,200,OK,Birthday Page - Thread Group 1-1,text,true,157440,286,1,1,https://dev.horoscope.com/zodiac-signs/sagittarius,66,27
361,/us/tarot/tarot-past-lives.aspx,200,OK,Birthday Page - Thread Group 1-1,text,true,155025,298,1,1,https://dev.horoscope.com/us/tarot/tarot-past-lives.aspx,84,34
348,/quote-of-the-day,200,OK,Birthday Page - Thread Group 1-1,text,true,150367,270,1,1,https://dev.horoscope.com/quote-of-the-day,73,28
345,/birthday-horoscope/sagittarius,200,OK,Birthday Page - Thread Group 1-1,text,true,148495,298,1,1,https://dev.horoscope.com/birthday-horoscope/sagittarius,75,29
380,/us/feedback.aspx,200,OK,Birthday Page - Thread Group 1-1,text,true,144112,270,1,1,https://dev.horoscope.com/us/feedback.aspx,80,30
366,/zodiac-signs/aquarius,200,OK,Birthday Page - Thread Group 1-1,text,true,156389,280,1,1,https://dev.horoscope.com/zodiac-signs/aquarius,68,28
392,/us/horoscopes/yearly/2023-horoscope-virgo.aspx,200,OK,Birthday Page - Thread Group 1-1,text,true,145881,330,1,1,https://dev.horoscope.com/us/horoscopes/yearly/2023-horoscope-virgo.aspx,84,32
1648,/us/horoscopes/yearly/2023-horoscope-cancer.aspx,200,OK,Birthday Page - Thread Group 1-1,text,true,145877,332,1,1,https://dev.horoscope.com/us/horoscopes/yearly/2023-horoscope-cancer.aspx,90,38
386,/us/horoscopes/love/horoscope-love-daily-today.aspx?sign=6,200,OK,Birthday Page - Thread Group 1-1,text,true,171701,352,1,1,https://dev.horoscope.com/us/horoscopes/love/horoscope-love-daily-today.aspx?sign=6,85,35
359,/us/horoscopes/love/horoscope-love-daily-today.aspx?sign=7,200,OK,Birthday Page - Thread Group 1-1,text,true,171775,352,1,1,https://dev.horoscope.com/us/horoscopes/love/horoscope-love-daily-today.aspx?sign=7,69,28
489,/us/horoscopes/love/horoscope-love-daily-today.aspx?sign=8,200,OK,Birthday Page - Thread Group 1-1,text,true,171840,352,1,1,https://dev.horoscope.com/us/horoscopes/love/horoscope-love-daily-today.aspx?sign=8,89,39
365,/us/horoscopes/love/horoscope-love-daily-today.aspx?sign=9,200,OK,Birthday Page - Thread Group 1-1,text,true,171699,352,1,1,https://dev.horoscope.com/us/horoscopes/love/horoscope-love-daily-today.aspx?sign=9,76,28
363,/us/horoscopes/love/horoscope-love-daily-today.aspx?sign=2,200,OK,Birthday Page - Thread Group 1-1,text,true,171685,352,1,1,https://dev.horoscope.com/us/horoscopes/love/horoscope-love-daily-today.aspx?sign=2,83,33
1569,/us/horoscopes/yearly/2023-horoscope-gemini.aspx,200,OK,Birthday Page - Thread Group 1-1,text,true,145763,332,1,1,https://dev.horoscope.com/us/horoscopes/yearly/2023-horoscope-gemini.aspx,69,28
362,/us/horoscopes/love/horoscope-love-daily-today.aspx?sign=3,200,OK,Birthday Page - Thread Group 1-1,text,true,171666,352,1,1,https://dev.horoscope.com/us/horoscopes/love/horoscope-love-daily-today.aspx?sign=3,67,27
387,/us/horoscopes/love/horoscope-love-daily-today.aspx?sign=5,200,OK,Birthday Page - Thread Group 1-1,text,true,171767,352,1,1,https://dev.horoscope.com/us/horoscopes/love/horoscope-love-daily-today.aspx?sign=5,87,37
503,/us/horoscopes/love/horoscope-love-daily-today.aspx?sign=4,200,OK,Birthday Page - Thread Group 1-1,text,true,171808,352,1,1,https://dev.horoscope.com/us/horoscopes/love/horoscope-love-daily-today.aspx?sign=4,66,28
1598,/us/horoscopes/yearly/2023-horoscope-aquarius.aspx,200,OK,Birthday Page - Thread Group 1-1,text,true,145729,336,1,1,https://dev.horoscope.com/us/horoscopes/yearly/2023-horoscope-aquarius.aspx,66,28
360,/us/horoscopes/career/horoscope-career-daily-today.aspx?sign=8,200,OK,Birthday Page - Thread Group 1-1,text,true,170027,360,1,1,https://dev.horoscope.com/us/horoscopes/career/horoscope-career-daily-today.aspx?sign=8,62,27
486,/us/horoscopes/career/horoscope-career-daily-today.aspx?sign=9,200,OK,Birthday Page - Thread Group 1-1,text,true,170197,360,1,1,https://dev.horoscope.com/us/horoscopes/career/horoscope-career-daily-today.aspx?sign=9,86,36
392,/us/horoscopes/career/horoscope-career-daily-today.aspx?sign=6,200,OK,Birthday Page - Thread Group 1-1,text,true,170040,360,1,1,https://dev.horoscope.com/us/horoscopes/career/horoscope-career-daily-today.aspx?sign=6,92,42
354,/us/horoscopes/career/horoscope-career-daily-today.aspx?sign=7,200,OK,Birthday Page - Thread Group 1-1,text,true,169933,360,1,1,https://dev.horoscope.com/us/horoscopes/career/horoscope-career-daily-today.aspx?sign=7,75,29
494,/us/horoscopes/career/horoscope-career-daily-today.aspx?sign=4,200,OK,Birthday Page - Thread Group 1-1,text,true,170066,360,1,1,https://dev.horoscope.com/us/horoscopes/career/horoscope-career-daily-today.aspx?sign=4,94,44
358,/us/horoscopes/career/horoscope-career-daily-today.aspx?sign=5,200,OK,Birthday Page - Thread Group 1-1,text,true,169863,360,1,1,https://dev.horoscope.com/us/horoscopes/career/horoscope-career-daily-today.aspx?sign=5,66,28
391,/us/horoscopes/career/horoscope-career-daily-today.aspx?sign=2,200,OK,Birthday Page - Thread Group 1-1,text,true,169897,360,1,1,https://dev.horoscope.com/us/horoscopes/career/horoscope-career-daily-today.aspx?sign=2,90,40
399,/us/horoscopes/yearly/2023-horoscope-libra.aspx,200,OK,Birthday Page - Thread Group 1-1,text,true,145874,330,1,1,https://dev.horoscope.com/us/horoscopes/yearly/2023-horoscope-libra.aspx,67,29
400,/us/horoscopes/career/horoscope-career-daily-today.aspx?sign=3,200,OK,Birthday Page - Thread Group 1-1,text,true,169991,360,1,1,https://dev.horoscope.com/us/horoscopes/career/horoscope-career-daily-today.aspx?sign=3,70,30
449,/us/horoscopes/general/retail-therapy-horoscope.aspx?sign=9,200,OK,Birthday Page - Thread Group 1-1,text,true,162701,354,1,1,https://dev.horoscope.com/us/horoscopes/general/retail-therapy-horoscope.aspx?sign=9,68,29
499,/us/horoscopes/general/retail-therapy-horoscope.aspx?sign=7,200,OK,Birthday Page - Thread Group 1-1,text,true,162712,354,1,1,https://dev.horoscope.com/us/horoscopes/general/retail-therapy-horoscope.aspx?sign=7,149,28
356,/us/horoscopes/general/horoscope-general-daily-today.aspx?sign=11,200,OK,Birthday Page - Thread Group 1-1,text,true,172079,366,1,1,https://dev.horoscope.com/us/horoscopes/general/horoscope-general-daily-today.aspx?sign=11,70,28
424,/us/horoscopes/general/retail-therapy-horoscope.aspx?sign=8,200,OK,Birthday Page - Thread Group 1-1,text,true,162613,354,1,1,https://dev.horoscope.com/us/horoscopes/general/retail-therapy-horoscope.aspx?sign=8,92,42
436,/us/horoscopes/general/retail-therapy-horoscope.aspx?sign=5,200,OK,Birthday Page - Thread Group 1-1,text,true,162612,354,1,1,https://dev.horoscope.com/us/horoscopes/general/retail-therapy-horoscope.aspx?sign=5,82,45
430,/us/horoscopes/general/retail-therapy-horoscope.aspx?sign=6,200,OK,Birthday Page - Thread Group 1-1,text,true,162663,354,1,1,https://dev.horoscope.com/us/horoscopes/general/retail-therapy-horoscope.aspx?sign=6,80,30
400,/us/horoscopes/general/horoscope-general-daily-today.aspx?sign=12,200,OK,Birthday Page - Thread Group 1-1,text,true,171955,366,1,1,https://dev.horoscope.com/us/horoscopes/general/horoscope-general-daily-today.aspx?sign=12,69,28
553,/us/horoscopes/general/horoscope-general-daily-today.aspx?sign=10,200,OK,Birthday Page - Thread Group 1-1,text,true,171922,366,1,1,https://dev.horoscope.com/us/horoscopes/general/horoscope-general-daily-today.aspx?sign=10,68,30
443,/us/horoscopes/general/retail-therapy-horoscope.aspx?sign=3,200,OK,Birthday Page - Thread Group 1-1,text,true,162600,354,1,1,https://dev.horoscope.com/us/horoscopes/general/retail-therapy-horoscope.aspx?sign=3,93,43
432,/us/horoscopes/general/retail-therapy-horoscope.aspx?sign=4,200,OK,Birthday Page - Thread Group 1-1,text,true,162725,354,1,1,https://dev.horoscope.com/us/horoscopes/general/retail-therapy-horoscope.aspx?sign=4,61,28
369,/us/horoscopes/love/horoscope-love-daily-today.aspx?sign=10,200,OK,Birthday Page - Thread Group 1-1,text,true,171628,354,1,1,https://dev.horoscope.com/us/horoscopes/love/horoscope-love-daily-today.aspx?sign=10,68,28
358,/us/horoscopes/love/horoscope-love-daily-today.aspx?sign=12,200,OK,Birthday Page - Thread Group 1-1,text,true,171673,354,1,1,https://dev.horoscope.com/us/horoscopes/love/horoscope-love-daily-today.aspx?sign=12,79,30
470,/us/horoscopes/love/horoscope-love-daily-today.aspx?sign=11,200,OK,Birthday Page - Thread Group 1-1,text,true,171870,354,1,1,https://dev.horoscope.com/us/horoscopes/love/horoscope-love-daily-today.aspx?sign=11,70,29
352,/us/horoscopes/money/horoscope-money-weekly.aspx?sign=11,200,OK,Birthday Page - Thread Group 1-1,text,true,162512,348,1,1,https://dev.horoscope.com/us/horoscopes/money/horoscope-money-weekly.aspx?sign=11,60,27
357,/us/horoscopes/general/horoscope-general-daily-today.aspx?sign=9,200,OK,Birthday Page - Thread Group 1-1,text,true,171990,364,1,1,https://dev.horoscope.com/us/horoscopes/general/horoscope-general-daily-today.aspx?sign=9,60,27
588,/us/horoscopes/general/horoscope-general-daily-today.aspx?sign=8,200,OK,Birthday Page - Thread Group 1-1,text,true,171914,364,1,1,https://dev.horoscope.com/us/horoscopes/general/horoscope-general-daily-today.aspx?sign=8,88,38
1700,/us/horoscopes/yearly/2023-horoscope-scorpio.aspx,200,OK,Birthday Page - Thread Group 1-1,text,true,146022,334,1,1,https://dev.horoscope.com/us/horoscopes/yearly/2023-horoscope-scorpio.aspx,100,28
